,Price,Address,BedRooms,BathRooms,Size,Type
0,2500,677Ne24thSt604Miami,1,2.0,709,Rental
1,275000,6831Sw147thAve3bMiami,3,2.0,1660,Residential
2,5000,488Ne18thStreet#609Miami,2,3.0,1108,Rental
3,2975,258Ne115thStMiami,2,1.0,1150,Rental
4,1195000,2431Sw19thStreetMiami,6,2.0,2642,Residential
5,385000,3025Sw103rdCtMiami,3,1.0,895,Residential
6,310000,700Nw201stStMiami,4,2.0,1875,Residential
7,2800,3180Sw24thStreet#3Miami,2,3.0,747,Rental
8,299500,201Nw7thSt103Miami,2,2.0,1037,Residential
9,165000,2241Nw74thStMiami,0,0.0,0,Land
10,435000,520BrickellKeyDrA1612Miami,1,2.0,836,Residential
11,5199,240Nw25thStreet#301Miami,3,3.0,1515,Rental
12,675000,121Ne34thSt2416Miami,2,2.0,870,Residential
13,450000,14840Sw104thStreet100MIAMI,3,3.0,1740,Residential
14,25000,9025Sw114thStMiami,7,7.0,6500,Rental
15,2500,1100SMiamiAve2206Miami,0,1.0,530,Rental
16,449000,14505Sw106thCtMiami,3,2.0,1620,Residential
17,385900,3401Nw101stStMiami,4,2.0,1128,Residential
18,3000,36Nw6thAve808Miami,2,2.0,985,Rental
19,1100,2810Nw51stStCMiami,0,1.0,0,Rental
20,250000,6859Nw17thAveMiami,3,2.0,1000,Residential
21,1100,2810Nw51stStBMiami,0,1.0,0,Rental
22,650000,455Ne111thStMiami,2,2.0,1024,Residential
23,460000,9662Sw162ndPathMiami,3,3.0,1499,Residential
24,3000,2101BrickellAve808Miami,1,1.0,791,Rental
25,2500,7Miami,2,1.0,0,Rental
26,3100,41Se5thSt815Miami,1,2.0,952,Rental
27,230000,14961Sw82ndLn21-506Miami,1,1.0,848,Residential
28,579500,13017Sw143rdTerMiami,3,2.0,1668,Residential
29,2500,219Nw12thAve706Miami,2,2.0,809,Rental
30,499999,N/AMiami,3,2.0,1723,Residential
31,695000,1227Sw30CourtMIAMI,4,2.0,1517,Residential
32,649999,321Sw30thCtMiami,3,2.0,1653,Residential
33,490000,1375NwNw182NdStStreetMiami,3,2.0,1056,Residential
34,425000,17825Nw8thPlMiami,3,2.0,1818,Residential
35,349900,18730Nw11thPlMiami,3,2.0,1392,Residential
36,5000,55Sw9thStreet#2508Miami,2,2.0,788,Rental
37,669000,8395Sw73rdAvenue#313Miami,3,3.0,2026,Residential
38,500000,253Ne2ndStreet1702Miami,1,2.0,0,Residential
39,434000,3177Nw59thStMiami,3,2.0,1488,Residential
40,15000,N/AMiami,4,3.0,2941,Rental
41,650000,2861Sw120thRdMiami,3,2.0,1602,Residential
42,4300,88Sw7thStreet#1508Miami,1,2.0,883,Rental
43,725800,1300SMiamiAve.1109Miami,2,3.0,961,Residential
44,7495,3087ShippingAveMiami,3,3.0,2190,Rental
45,5500,870Ne82ndStreetMiami,5,5.0,1973,Rental
46,2950,905BrickellBayDr1924Miami,2,2.0,990,Rental
47,7500,495BrickellAve3404Miami,2,2.0,1500,Rental
48,280000,N/AMiami,2,2.0,1056,Residential
49,2700,3301Ne1stAveH1213Miami,0,1.0,655,Rental
50,1349000,10195Nw26thStreetMIAMI,5,4.0,3888,Residential
51,3700,488Ne18thSt3202Miami,1,2.0,766,Rental
52,2800,1100SMiamiAve1106Miami,0,1.0,530,Rental
53,480000,19800Sw114thPlaceMiami,4,2.0,1658,Residential
54,5000,1750NBayshoreDr5402Miami,2,2.0,1048,Rental
55,3500,1080BrickellAve503Miami,1,2.0,725,Rental
56,3900,31Se6thSt1402Miami,2,2.0,1016,Rental
57,974500,6630Sw49thTerMiami,3,2.0,1440,Residential
58,1000000,601Ne27thSt104Miami,3,3.0,1866,Residential
59,3995,828Ne76thStMiami,2,1.0,1016,Rental
60,3800,200Se15thRdMiami,2,2.0,945,Rental
61,3200,300SBiscayneBlvd1024Miami,1,2.0,864,Rental
62,498000,10260Sw163rdPl10260Miami,4,3.0,1957,Residential
63,1850000,851Ne1stAve3311Miami,4,4.0,0,Residential
64,160000,5201Nw7thSt505Miami,1,1.0,756,Residential
65,549000,2000NBayshoreDr1604Miami,2,2.0,1067,Residential
66,1900,555Sw16thAve15Miami,2,1.0,620,Rental
67,429000,2310Nw107thStMiami,3,2.0,1513,Residential
68,465000,2475BrickellAve1503Miami,1,1.0,850,Residential
69,358000,8695Nw6thLn2-205Miami,2,2.0,859,Residential
70,299000,11811Sw18thSt3Miami,2,3.0,958,Residential
71,2100,435Nw82ndTer2Miami,2,1.0,1318,Rental
72,2800,531Nw35thAvenue#2Miami,2,2.0,1250,Rental
73,3000,780Ne199thSt101eMiami,3,2.0,1400,Rental
74,389000,6834Sw128thPlMiami,3,3.0,1472,Residential
75,415000,34Nw69Miami,4,2.0,1387,Residential
76,3000,1750NBayshoreDr2403Miami,1,1.0,791,Rental
77,459900,20126Sw124thAveMiami,3,2.0,1342,Residential
78,1999999,1021Nw30thStMiami,0,0.0,5005,Commercial
79,3200,9865Sw83rdStMiami,4,2.0,1250,Rental
80,499000,6338Sw42ndTerMiami,3,1.0,1316,Residential
81,299900,3191Nw88thStreetMIAMI,2,2.0,1486,Residential
82,360000,633Ne167thStreetMIAMI,0,0.0,0,CommercialLease
83,9500,465BrickellAve1201Miami,3,3.0,1977,Rental
84,619000,18173Sw153PlaceMiami,4,3.0,1850,Residential
85,580000,1720Sw67thMiami,4,4.0,1908,Residential
86,199000,3901Sw109thAveE-5Miami,1,1.0,654,Residential
87,440000,7350Sw89thStreet#1511sMiami,2,2.0,1155,Residential
88,500000,1067Ne202ndLaneMiami,3,3.0,2254,Residential
89,4800,3449Ne1stAvenue#l42Miami,1,2.0,1411,Rental
90,549000,2318Nw99thTerMiami,0,0.0,2596,Residential
91,2900,1750NBayshoreDr2606Miami,1,1.0,821,Rental
92,1700,809Ne199thSt105-7Miami,1,1.0,650,Rental
93,709000,3449Ne1stAvenue#l42Miami,1,2.0,1411,Residential
94,3000,350SMiamiAvenue#3711Miami,1,1.0,704,Rental
95,525000,9966Sw157thStMiami,3,2.0,1079,Residential
96,690000,2453Sw17thStMiami,0,0.0,2316,Residential
97,500000,410Ne208thTer410Miami,3,2.0,1485,Residential
98,250000,243Ne141stStreet3bMIAMI,2,2.0,1200,Residential
99,750000,400Nw40thStMiami,3,2.0,1388,Residential
100,3250,600Ne25thStreet#60Miami,2,2.0,970,Rental
101,243000,3035Nw44thStreetMiami,3,1.0,780,Residential
102,5500,1200BrickellBayDrive#2123Miami,2,2.0,1105,Rental
103,339900,14861Sw114thCtMiami,2,2.0,945,Residential
104,3950,1300SMiamiAve3708Miami,1,1.0,649,Rental
105,2900,2101BrickellAve504Miami,1,1.0,791,Rental
106,2200,435Nw82ndTer1Miami,2,1.0,1318,Rental
107,2950,11407Sw110thLnMiami,2,2.0,1380,Rental
108,2700,3401NCountryClubDr615Miami,2,2.0,1081,Rental
109,330000,8214Ne1stAveMiami,3,1.0,1088,Residential
110,3500,6845Nw6thCtMiami,3,2.0,1122,Rental
111,2000,15687Sw85thTer233Miami,2,2.0,775,Rental
112,4300,1060BrickellAve3711Miami,2,2.0,1088,Rental
113,2800,505Ne30thSt204Miami,2,1.0,760,Rental
114,730000,485BrickellAvenue#4007Miami,1,1.0,842,Residential
115,4900,950BrickellBayDr1110Miami,2,3.0,1278,Rental
116,3300,15551Sw110thTerraceMiami,3,3.0,1492,Rental
117,5555,286Nw29thStreet#721Miami,3,2.0,1281,Rental
118,5315,286Nw29thStreet#1116Miami,3,3.0,1311,Rental
119,3185,286Nw29thStreet#817Miami,1,1.0,701,Rental
120,3975,286Nw29thStreet#812Miami,2,2.0,982,Rental
121,2960,286Nw29thStreet#308Miami,1,1.0,646,Rental
122,2600,505Ne30thSt403Miami,2,1.0,760,Rental
123,2675,286Nw29thStreet#1110Miami,0,1.0,560,Rental
124,450000,8395Sw73rdAvenue#409Miami,2,2.0,1296,Residential
125,499000,7921Sw120thAve7921Miami,3,3.0,1800,Residential
126,230000,1770Nw49thStMiami,2,1.0,769,Residential
127,3650,300Ne208thTerMiami,3,3.0,1320,Rental
128,135000,1301NeMiamiGardensDr1112wMiami,1,2.0,861,Residential
129,365000,4628Nw23rdAvenueMiami,3,2.0,1092,Residential
130,480000,2166Nw91stStMiami,0,0.0,2202,Residential
131,2450,9429FontainebleauBoulevard#114-33Miami,2,2.0,1000,Rental
132,625000,15041Sw141stLaneMIAMI,3,3.0,1950,Residential
133,1200,1200Ne110thSt5Miami,0,1.0,1799,Rental
134,750000,244BiscayneBlvd3108Miami,2,2.0,1203,Residential
135,1600,809Ne199thSt105-7Miami,1,1.0,650,Rental
136,4600,801SMiamiAvenue#4307Miami,1,2.0,866,Rental
137,425000,12435Sw123rdTerMiami,3,3.0,1452,Residential
138,175000,7505Sw82ndSt318Miami,1,1.0,560,Residential
139,9000,851Ne1stAve3408Miami,2,3.0,2204,Rental
140,2950,8283Nw1stPlMiami,3,2.0,877,Rental
141,649000,45Sw9thSt3405Miami,1,2.0,852,Residential
142,479990,20910Sw126thCtMiami,3,2.0,1322,Residential
143,639900,21500Sw184thAveMiami,3,3.0,2443,Residential
144,575000,7400Sw132ndCtMiami,3,2.0,1592,Residential
145,585000,737Nw48thStMiami,3,2.0,1462,Residential
146,230000,N/AMiami,0,0.0,0,Business
147,415000,2101BrickellAve1802Miami,1,1.0,791,Residential
148,2750,75Nw84thStMiami,2,1.0,1001,Rental
149,209900,600Nw32ndPl316Miami,2,1.0,722,Residential
150,3200,31Se5thSt202Miami,1,1.0,0,Rental
151,3300,1060BrickellAv2103Miami,1,2.0,963,Rental
152,559000,10134Sw118thCtMiami,4,3.0,1818,Residential
153,17500,1000BrickelPlazaPh5307MIAMI,3,3.0,19,Rental
154,730000,13041Sw106thStMiami,3,3.0,1832,Residential
155,999000,3089Sw21stStreetMiami,3,3.0,2108,Residential
156,3694,3635Ne1stAvenue#1314Miami,2,2.0,1027,Rental
157,2200,1800Nw24thAve203Miami,2,2.0,767,Rental
158,2850,7103Sw115thPlC26Miami,3,2.0,1540,Rental
159,1750,5814Ne4thCtMiami,1,1.0,9182,Rental
160,3450,3000CoralWay1108Miami,2,2.0,1085,Rental
161,2877,3635Ne1stAvenue#1106Miami,1,1.0,707,Rental
162,3767,3635Ne1stAvenue#714Miami,2,2.0,1027,Rental
163,2837,3635Ne1stAvenue#706Miami,1,1.0,707,Rental
164,2375,240Nw25thStreet#809Miami,1,1.0,437,Rental
165,3650,240Nw25thStreet#813Miami,2,2.0,1011,Rental
166,2700,240Nw25thStreet#507Miami,1,1.0,636,Rental
167,399500,1450BrickellBayDr1214Miami,1,2.0,900,Residential
168,2400,234Ne3rdSt708Miami,1,1.0,712,Rental
169,5500,1010BrickellAve4709Miami,2,2.0,1028,Rental
170,499999,3111Nw106thStMiami,5,4.0,2580,Residential
171,899900,3151Sw25thStMiami,0,0.0,2961,Residential
172,899900,3120Sw25thStMiami,0,0.0,2821,Residential
173,484000,325SBiscayneBlvd1718Miami,1,1.0,846,Residential
174,8500,601Ne36thSt2712Miami,2,3.0,1870,Rental
175,350000,N/AMiami,0,0.0,4852,Commercial
176,4200,801SMiamiAve1606Miami,1,2.0,1075,Rental
177,3000,11424Sw132ndPl70-3Miami,3,3.0,1340,Rental
178,699900,6311Nw17AvenueMIAMI,4,3.0,1680,Residential
179,1835000,851Ne1stAve1912Miami,3,4.0,2165,Residential
180,3650,7280Sw89thStD705Miami,2,2.0,1340,Rental
181,3300,999Sw1stAve1410Miami,1,1.0,691,Rental
182,3800,600Ne36thSt1401Miami,2,2.0,1218,Rental
183,5499000,11815Sw64thStMiami,0,0.0,0,Land
184,299000,1750NBayshoreDr1508Miami,0,1.0,503,Residential
185,1400000,11400Sw82ndAvenueRdMiami,5,2.0,2204,Residential
186,685000,659Ne191StreetMIAMI,4,3.0,2156,Residential
187,550000,2746Nw16thStMiami,0,0.0,0,Residential
188,300000,2982Nw93rdStMiami,3,2.0,624,Residential
189,260000,5700Sw127thAve1314Miami,2,2.0,1170,Residential
190,5000,601Ne36thStreet#1909Miami,2,3.0,1158,Rental
191,299000,1050Nw67thStMiami,2,1.0,1338,Residential
192,555000,6527Sw39thStMiami,2,1.0,2238,Residential
193,475000,9850Sw118thAveMiami,4,3.0,1870,Residential
194,1647500,18730Ne19thAveMiami,3,3.0,2531,Residential
195,182500,7505Sw82ndSt105Miami,1,1.0,671,Residential
196,150000,6501Nw12thAvenue#2Miami,1,1.0,439,Residential
197,579000,198Ne148thStMiami,3,2.0,1418,Residential
198,3500,244BiscayneBoulevard#1008Miami,2,2.0,1006,Rental
199,250000,12350Sw197thAvenueMIAMI,0,0.0,0,Land
200,199000,1511Nw64thStMiami,0,0.0,1508,Residential
201,6500,5220Nw72ndAve28Miami,0,0.0,0,Commercial
202,379000,905BrickellBayDrive#1821Miami,2,2.0,990,Residential
203,680000,14701Nw3rdAveMiami,4,3.0,1685,Residential
204,3800,55Sw9thSt2707Miami,1,1.0,541,Rental
205,600000,685Ne179thTerMiami,3,2.0,1620,Residential
206,525000,6325Sw92ndAveMiami,4,2.0,1644,Residential
207,799000,10850Sw153rdCtMiami,4,3.0,2885,Residential
208,459900,253Ne2ndSt433Miami,1,2.0,978,Residential
209,572000,3813Sw149thPlMiami,4,2.0,1750,Residential
210,2200,14150Sw84thSt210-iMiami,2,2.0,1135,Rental
211,1800000,3308Nw3rdAveMiami,0,0.0,1344,Residential
212,1689000,11195WBiscayneCanalRoadMiami,4,3.0,2000,Residential
213,370000,10020Sw157thTerMiami,3,1.0,1058,Residential
214,240000,11451Sw148thCtMiami,3,3.0,1399,Residential
215,459888,3Ne158thStMiami,2,1.0,1278,Residential
216,550000,1200BrickellBayDr3003Miami,1,1.0,825,Residential
217,7500,488Ne18thStreet#2409Miami,2,3.0,1257,Rental
218,2400,505Ne30thSt604Miami,2,1.0,760,Rental
219,2000,1601Ne191stSt401Miami,2,2.0,1156,Rental
220,2000,N/AMiami,2,1.0,0,Rental
221,375000,12265Sw16thTer102-zMiami,3,3.0,1420,Residential
222,1500,15600Nw7thAve709Miami,1,1.0,840,Rental
223,379000,15412Sw112thPlMiami,3,3.0,1800,Residential
224,2000,496Nw165thStreetRdD409Miami,2,2.0,1175,Rental
225,129900,15225Ne6thAveB102Miami,2,2.0,920,Residential
226,545000,14217Sw12thStMiami,3,2.0,1425,Residential
227,3000,1244Nw45thStMiami,3,1.0,980,Rental
228,1199000,335SBiscayneBlvd1912Miami,3,2.0,1416,Residential
229,2300,8870FontainebleauBlvd205Miami,2,2.0,968,Rental
230,850000,14902Sw149thStMiami,3,2.0,2153,Residential
231,219800,14931Sw82ndLane306MIAMI,1,1.0,848,Residential
232,84000,15610Ne6thAve24bMiami,1,1.0,620,Residential
233,270000,3410CoralWay603Miami,1,1.0,601,Residential
234,650000,144xxSw200Miami,0,0.0,226512,Commercial
235,650000,143xxSw200Miami,0,0.0,226512,Commercial
236,325000,850NMiamiAveW-2104Miami,2,2.0,914,Residential
237,425000,8964WFlaglerSt104Miami,3,3.0,1420,Residential
238,399000,20554Ne6thCtMiami,4,3.0,2126,Residential
239,759000,59Ne51stStMiami,3,2.0,1446,Residential
240,2800,7275Sw90thWayG211Miami,2,2.0,955,Rental
241,3490,999Sw1stAve2110Miami,1,1.0,691,Rental
242,255000,1501Ne191stSt116Miami,2,2.0,1156,Residential
243,1900,20630Sw119thCtMiami,3,2.0,1378,Rental
244,375000,1770Nw112thTerMiami,0,0.0,1574,Residential
245,205000,834Nw21stAveMiami,0,0.0,0,Land
246,199000,820Nw21stAveMiami,0,0.0,0,Land
247,385000,919Nw66thStMiami,3,2.0,1021,Residential
248,3500,690Sw1stCourt#2316Miami,2,3.0,1113,Rental
249,3100,315St1206Miami,1,2.0,902,Rental
250,259900,9020Sw125thAve305Miami,1,2.0,980,Residential
251,735000,6445Sw164thAveMiami,4,3.0,2847,Residential
252,240000,15888Sw95thAve123Miami,2,1.0,880,Residential
253,3000,2532ndStreet2102Miami,1,2.0,0,Rental
254,695000,4931Sw142ndPlaceMiami,3,2.0,1844,Residential
255,959900,12862Sw184thStreetMiami,4,4.1,2787,Residential
256,475000,3232CoralWay#802Miami,2,2.0,1242,Residential
257,600000,4130Sw115thAveMiami,5,4.0,1988,Residential
258,4900,601Sw39thAveMiami,4,3.0,2364,Rental
259,388826,13335Nw18thPlMiami,3,2.0,1751,Residential
260,250000,5900Nw5thCtMiami,3,1.0,819,Residential
261,3750,1060BrickellAve807Miami,1,2.0,982,Rental
262,1600,492Nw165thStreetRdC214Miami,1,1.0,826,Rental
263,780000,2842Sw149thPlMiami,4,3.0,2468,Residential
264,2300,8695Nw6thLn207Miami,2,2.0,859,Rental
265,420000,7290Sw90thStF204Miami,2,2.0,0,Residential
266,180000,1400Ne169thSt307Miami,1,1.0,676,Residential
267,677000,15551Sw14thStMiami,3,2.0,2055,Residential
268,420000,2323Nw18thAveMiami,3,1.0,666,Residential
269,405000,1800NBayshoreDr2706Miami,1,1.0,822,Residential
270,665000,5597Sw3rdStMiami,4,4.0,1872,Residential
271,479900,20961Ne2ndAveMiami,3,2.0,1404,Residential
272,2650000,17122Sw156thCourtMiami,6,7.0,5326,Residential
273,365000,1720NwNorthRiverDr404Miami,2,2.0,899,Residential
274,348808,DubaiSeDubai200Miami,2,2.0,1135,Residential
275,560000,15963Sw74thStMiami,3,2.0,1619,Residential
276,365000,6534Sw114thPlC75Miami,3,2.0,1535,Residential
277,2700,3180Sw24thStreet#2Miami,3,1.0,900,Rental
278,3500,244BiscayneBoulevard#2710Miami,2,2.0,929,Rental
279,349900,695Ne162ndStMiami,2,1.0,1383,Residential
280,425000,79Sw12thSt2311-sMiami,1,1.0,705,Residential
281,2200,1627Sw37thAve1102Miami,1,2.0,831,Rental
282,229000,750Ne199thSt101hMiami,2,2.0,1400,Residential
283,339000,1790Sw122ndPl102-xMiami,2,3.0,1284,Residential
284,138000,1351NeMiamiGardensDr201eMiami,1,1.0,801,Residential
285,3200,3400Ne192Street#1102Miami,2,2.0,1181,Rental
286,850000,15232Sw167StMiami,4,2.0,2441,Residential
287,220000,3650Nw20thAveMiami,0,0.0,0,Land
288,7860,2020NBayshoreDr1110Miami,3,3.0,1679,Rental
289,2150000,10600Sw88thCtMiami,3,2.0,3657,Residential
290,2550,234Ne3rdSt1606Miami,1,1.0,738,Rental
291,4600,55Nw47thStFrontMiami,4,2.0,2213,Rental
292,407900,9234Sw132St9234Miami,2,2.0,1115,Residential
293,380000,3208Nw69thStMiami,2,1.0,1181,Residential
294,2400,505Ne30thSt405Miami,2,1.0,760,Rental
295,785000,2537Sw21stStMiami,4,3.0,2280,Residential
296,500000,2181Sw80thCtMiami,3,3.0,1800,Residential
297,359000,7800NwMiamiPlMiami,3,1.0,1212,Residential
298,429999,855OpaLockaBlvdMiami,3,2.0,952,Residential
299,259900,14030Ne3rdCourt2Miami,3,3.0,1010,Residential
300,599900,5266Nw24thAveMiami,0,0.0,2400,Residential
301,590000,11945WBiscayneCanalRdMiami,3,2.0,1247,Residential
302,3950,1300BrickellBayDr1905Miami,1,1.0,696,Rental
303,298000,2950Nw98thStMiami,4,2.0,1794,Residential
304,3500,2275BiscayneBlvd1005Miami,2,2.0,1280,Rental
305,475000,12340Sw144thTerMiami,3,2.0,1578,Residential
306,4975,2356Sw16thAveMiami,4,3.0,2310,Rental
307,415000,1600Ne1stAve3703Miami,0,1.0,588,Residential
308,550000,14790Sw151stTerMiami,5,3.0,2389,Residential
309,1800,236Ne28thSt4Miami,1,1.0,0,Rental
310,1600,747Ne83rdTer4Miami,1,1.0,650,Rental
311,990000,480Ne31stStreet#2105Miami,2,3.0,1143,Residential
312,384900,360Nw59thAveMiami,2,1.0,1230,Residential
313,399900,227Sw14thAveMiami,0,0.0,1298,Residential
314,201000,20015Ne3rdCt6Miami,2,2.0,978,Residential
315,4000,3250Ne1stAve914Miami,2,2.0,1094,Rental
316,3250,11020Sw69thDrMiami,3,2.0,1056,Rental
317,650000,3470ECoastAveH0704Miami,2,2.0,1242,Residential
318,7600,1010BrickellAve4102Miami,2,3.0,1314,Rental
319,3300,501Ne31stStreet#3903Miami,1,2.0,662,Rental
320,1500,15600Nw7thAve301Miami,1,1.0,840,Rental
321,115000,18706Ne18thAve206Miami,1,1.0,600,Residential
322,275000,71216thRdCourtMIAMI,0,0.0,0,Land
323,6500,495BrickellAve2611Miami,2,2.0,1255,Rental
324,3300,2708Miami,1,1.0,738,Rental
325,479000,780Ne69thSt2310Miami,2,2.0,1316,Residential
326,6000,N/AMiami,2,3.0,1259,Rental
327,2300,133Ne2ndAve1917Miami,1,1.0,651,Rental
328,3500,133Ne2ndAve2902Miami,2,2.0,1041,Rental
329,2550,133Ne2ndAve3303Miami,1,1.0,646,Rental
330,420000,2164Nw100thStMiami,4,2.0,1864,Residential
331,599900,4055Sw7thStMiami,3,3.0,1443,Residential
332,699999,N/AMiami,0,0.0,5000,Commercial
333,900000,N/AMiami,0,0.0,2495,Residential
334,191600,5249Nw7thSt415Miami,2,2.0,848,Residential
335,650000,11230157MIAMI,3,2.0,1780,Residential
336,2450,505Ne30thSt506Miami,2,1.0,760,Rental
337,227000,1477Nw41stStMiami,3,2.0,1122,Residential
338,3550,92Sw3rdSt1106Miami,2,2.0,930,Rental
339,3300,11014Sw154thTerMiami,4,2.0,1656,Rental
340,375000,1717NBayshoreDrive#a-3638Miami,1,2.0,1066,Residential
341,425000,602Nw100thStMiami,3,1.0,1117,Residential
342,2050,9806HammocksBlvd102Miami,3,2.0,993,Rental
343,389000,1613Nw55thStMiami,3,1.0,2097,Residential
344,330000,333IvesDairyRd333-06Miami,3,2.0,1550,Residential
345,420000,3036Nw101stStMiami,4,2.0,1531,Residential
346,2500,7551Sw133rdAveMiami,3,2.0,1200,Rental
347,3640,495BrickellAve2106Miami,1,1.0,732,Rental
348,425000,13719Sw100thTerraceMiami,3,3.0,1819,Residential
349,3750,253Ne2ndSt1703Miami,2,2.0,0,Rental
350,379000,N/AMiami,3,3.0,1388,Residential
351,239900,10500Sw155thCt10211Miami,2,2.0,1053,Residential
352,619000,N/AMiami,2,2.0,1013,Residential
353,2399000,848BrickellKeyDr4305Miami,3,4.0,2767,Residential
354,95000,18700Ne3rdCt604Miami,1,2.0,850,Residential
355,1650,645Ne77thStMiami,1,1.0,360,Rental
356,2900,1200NBrickellBayDr2220Miami,1,1.0,825,Rental
357,1490000,1135Nw4thStMiami,0,0.0,4192,Residential
358,8495,851Ne1stAvenue#2509Miami,2,4.0,1753,Rental
359,575000,5715Nw6AveMiami,0,0.0,1507,Residential
360,205000,443Ne210thCircleTer101Miami,2,2.0,1060,Residential
361,4500,300SBiscayneBlvdL-402Miami,2,3.0,1213,Rental
362,80000,15600Ne6thAve35aMiami,1,1.0,620,Residential
363,5300,55Sw9thStreet#3806Miami,2,2.0,1053,Rental
364,3200,9382Sw171stAveMiami,3,3.0,1740,Rental
365,580000,3301Ne5thAve608Miami,1,1.0,822,Residential
366,1399000,1090NwNorthRiverDrive#204Miami,3,4.0,2394,Residential
367,7450,1090NwNorthRiverDrive#204Miami,3,4.0,2394,Rental
368,2200,880Ne69thSt3kMiami,1,1.0,831,Rental
369,249000,867Nw109thStMiami,1,1.0,725,Residential
370,4500,1205Nw79thStMiami,0,0.0,9793,Commercial
371,629000,701BrickellKeyBlvd905Miami,2,2.0,1236,Residential
372,260000,20760Ne4thCt207Miami,3,2.0,1065,Residential
373,6500000,750Sw2ndStMiami,0,0.0,22000,Residential
374,2300,875Ne213thTer4Miami,3,2.0,1163,Rental
375,165000,19001Ne14thAvenue#208Miami,1,2.0,954,Residential
376,269900,11001Sw113thPl11001Miami,2,1.0,1080,Residential
377,2300,505Ne30thSt406Miami,2,1.0,760,Rental
378,499000,15550Sw109thAveMiami,4,2.0,1896,Residential
379,675000,1402BrickellBayDr602Miami,2,2.0,1250,Residential
380,350000,2195Nw130thStMiami,3,2.0,1756,Residential
381,484999,4615Sw112thPlMiami,3,1.0,979,Residential
382,5900,720Ne62ndSt406Miami,2,3.0,1235,Rental
383,530000,10838Sw228thTerMiami,3,2.0,1502,Residential
384,2800,701BrickellKeyBlvd608Miami,1,2.0,806,Rental
385,2950,1600Ne1stAve#1803Miami,0,1.0,588,Rental
386,350000,1185Nw51stStreetMiami,3,2.0,1232,Residential
387,3800,4349Sw153rdCtMiami,3,2.0,1760,Rental
388,3100,366Ne208thTer366Miami,3,3.0,1320,Rental
389,1600,251Ne187thSt803Miami,1,1.0,850,Rental
390,6500,19103Ne8thCtMiami,4,3.0,2361,Rental
391,489000,41Se5thSt1906Miami,1,2.0,1056,Residential
392,565000,16332Sw76thStMiami,3,2.0,1640,Residential
393,480000,777Nw43rdStMiami,3,1.0,1223,Residential
394,6800,520BrickellKeyDrA306Miami,4,3.0,2156,Rental
395,639000,218Se14St1202Miami,2,2.0,1110,Residential
396,449000,780Ne69thSt910Miami,2,2.0,1316,Residential
397,3400,501Ne31stSt2704Miami,1,2.0,610,Rental
398,839000,2021Sw23rdStMiami,3,2.0,1810,Residential
399,360000,13775Sw84thStCMIAMI,3,3.0,1395,Residential
400,514900,6736Sw13thTerMiami,3,1.0,1100,Residential
401,2400,12990Sw88thLnMiami,3,2.0,1108,Rental
402,389000,1121Ne213thTerMiami,3,2.0,1302,Residential
403,350000,777Ne62ndStC211Miami,2,1.0,926,Residential
404,6500,100Nw40thStMiami,3,3.0,1700,Rental
405,899000,N/AMiami,6,4.0,1688,Residential
406,450000,1700Nw88thStMiami,4,2.0,956,Residential
407,165000,20730Ne4thPl201Miami,2,2.0,917,Residential
408,3700,9013Sw170thPlMiami,3,2.0,2120,Rental
409,499000,3060Nw90thStMiami,4,2.0,1275,Residential
410,849000,1915Ne213thTerMiami,4,3.0,2354,Residential
411,549500,20409Ne10thCourtRdMiami,3,3.0,2149,Residential
412,575000,N/AMiami,2,2.0,1116,Residential
413,264900,1185Nw100StMiami,2,1.0,810,Residential
414,649000,265Nw59thStMiami,3,3.0,1144,Residential
415,49900,Sw34St&159AveMiami,0,0.0,0,Land
416,899000,291Ne152ndStMiami,3,1.0,2624,Residential
417,3800,2275BiscayneBlvd509Miami,2,2.0,1270,Rental
418,2500,1600Ne1stAve1802Miami,0,1.0,580,Rental
419,525000,14600Sw113thLnMiami,3,3.0,1457,Residential
420,471000,1511Nw175thStMiami,4,2.0,2056,Residential
421,860000,475BrickellAve3613Miami,2,2.0,1012,Residential
422,2500,1100SMiamiAve2106Miami,0,1.0,530,Rental
423,400000,9301Sw130thStMiami,2,2.0,974,Residential
424,494000,9630Sw74thStreetMiami,2,2.0,1262,Residential
425,799000,485BrickellAve1911Miami,1,1.0,876,Residential
426,285000,1884Nw53rdStMiami,3,1.0,764,Residential
427,2700,10411NKendallDr203-bMiami,3,3.0,1600,Rental
428,450000,20220Ne12thCtMiami,3,2.0,2206,Residential
429,160000,N/AMiami,0,0.0,0,Land
430,6600,1010BrickellAve2204Miami,2,3.0,1325,Rental
431,695000,13344Sw184thTerraceMiami,4,3.0,2192,Residential
432,1350000,11481Sw93rdStMiami,3,2.0,1830,Residential
433,999000,568Ne71stStreetMiami,4,3.0,1723,Residential
434,228000,1130Nw114thStreetMiami,2,1.0,0,Residential
435,5500,3301Ne1stAvenue#h2902Miami,2,2.0,1263,Rental
436,1450000,14810Sw167thStMiami,4,3.0,2672,Residential
437,3000,1750NBayshoreDr4905Miami,1,1.0,825,Rental
438,1850,15888Sw95thAve309Miami,2,1.0,880,Rental
439,380000,14085Sw179thTerMiami,3,3.0,1319,Residential
440,5500,951BrickellAve2110Miami,2,3.0,1289,Rental
441,278000,800Ne195thSt204Miami,2,2.0,1470,Residential
442,3000,1010BrickellAve4110Miami,0,1.0,442,Rental
443,650000,14441Sw93rdTerMiami,3,2.0,1510,Residential
444,2500,21235Ne9thCt3Miami,3,2.0,1230,Rental
445,2600,3010Sw25thStreetMiami,2,2.0,644,Rental
446,1050,RMiami,0,1.0,1507,Rental
447,620000,20713Ne2ndCt20713Miami,4,3.0,1920,Residential
448,375000,11260Sw43rdLnMiami,3,2.0,1240,Residential
449,899700,1853Nw5thStMiami,0,0.0,2804,Residential
450,430000,22025Sw113thPlMiami,4,2.0,1484,Residential
451,4100,55Se6St1502Miami,2,2.0,1123,Rental
452,2750,555Ne15thStPh-dMiami,1,2.0,890,Rental
453,689000,16782Sw90StMiami,5,4.0,2458,Residential
454,600000,1161Ne201stTerMiami,4,2.0,2046,Residential
455,12500,2900Ne7thAve3807Miami,3,4.0,1868,Rental
456,1200000,630-640Ne80thStMiami,0,0.0,13860,Commercial
457,359000,555Ne15thStPh-dMiami,1,2.0,890,Residential
458,179500,15600Nw7thAve115Miami,1,1.0,840,Residential
459,2550,14925Sw48thTer20eMiami,2,2.0,940,Rental
460,1900,7820CaminoRealJ203Miami,1,1.0,712,Rental
461,395000,1923Nw59StMiami,3,2.0,1450,Residential
462,289900,10018HammocksBlvd207-5Miami,2,3.0,1350,Residential
463,349900,3436Sw112thAve3436Miami,3,3.0,1310,Residential
464,2000,164Nw69thStreet#2Miami,2,1.0,800,Rental
465,405000,3504Nw19thAveMiami,2,2.0,1035,Residential
466,635000,6033Sw152ndCtMiami,4,3.0,1751,Residential
467,549000,1100Nw111thStMiami,0,0.0,1741,Residential
468,125000,251Ne187thSt803Miami,1,1.0,850,Residential
469,1475,15600Nw7thAve717Miami,1,1.0,840,Rental
470,479000,5540Ne1stAvenueMiami,2,2.0,1192,Residential
471,2200,8730Sw133rdAvenueRd410Miami,2,2.0,965,Rental
472,1299000,2903DayAve1dMiami,3,3.0,1540,Residential
473,499000,4331Sw147thPlaceMiami,2,2.0,1408,Residential
474,695000,6422CollinsAve1003Miami,2,2.0,1320,Residential
475,2350,10105Sw172ndStreetMiami,2,1.0,828,Rental
476,10000,3131Ne7thAve1901Miami,3,4.0,1634,Rental
477,730900,6351CoralWayMiami,3,2.0,1478,Residential
478,499900,20435Ne10thCtMiami,3,2.0,1671,Residential
479,899000,480Ne31St604Miami,2,3.0,1186,Residential
480,2100,9459Sw76thStreet#r7Miami,2,1.0,878,Rental
481,480000,20554Ne2ndCt20554Miami,3,2.0,1378,Residential
482,389000,7410Sw105thCt7410Miami,2,2.0,1262,Residential
483,5490,21000HighlandLakesBlvd21000Miami,4,2.0,1847,Rental
484,539000,370Ne55StMiami,0,0.0,1844,Residential
485,529900,861Nw114thStMiami,0,0.0,1513,Residential
486,429900,75Ne195thStMiami,3,2.0,1682,Residential
487,375000,234Ne3rdSt1706Miami,1,1.0,738,Residential
488,1100000,N/AMiami,2,3.0,1259,Residential
489,165000,1770Ne191stStreet#704-1Miami,1,2.0,1036,Residential
490,4200,3301Ne1stAveH2409Miami,2,2.0,1181,Rental
491,1595000,13581Sw112thAvenueMiami,4,3.0,3200,Residential
492,4875,19880Sw134thAvenueMiami,5,4.0,3316,Rental
493,220000,4725Nw7thStreet#104-3Miami,2,2.0,782,Residential
494,570000,638Nw65thStMiami,0,0.0,2508,Residential
495,925000,9000Sw59thStMiami,5,3.0,2336,Residential
496,205000,4803Nw7thStreet#405-14Miami,2,2.0,793,Residential
497,191000,4707Nw7thStreet#303-8Miami,2,1.0,728,Residential
498,499000,92Sw3rdSt1606Miami,2,2.0,930,Residential
499,3900,185Sw7thSt4201Miami,2,3.0,1310,Rental
500,2550,1351NeMiamiGardensDrive#825EMiami,2,2.0,1140,Rental
501,3450,300BiscayneBoulevard3407MIAMI,1,2.0,733,Rental
502,425000,200E15thStreet3gMIAMI,1,1.0,612,Residential
503,718000,510112thAvenueMIAMI,6,4.0,3330,Residential
504,679000,1440238thLaneMIAMI,4,3.0,2508,Residential
505,2100,486Nw165thStreetRdB-206Miami,2,2.0,1175,Rental
506,1150000,665Ne70thStreetMiami,4,3.0,1766,Residential
507,2100,7285Sw90thStD309Miami,1,1.0,770,Rental
508,1850000,851Ne1stAve3211Miami,4,4.0,2376,Residential
509,235000,8520Sw133rdAvenueRd220Miami,2,2.0,965,Residential
510,270000,432Nw8thStMiami,3,2.0,1222,Residential
511,489000,10242Sw228thTerMiami,3,3.0,1735,Residential
512,6500,851Ne1stAve2507Miami,3,3.0,1547,Rental
513,518500,9930Sw164CourtMIAMI,4,2.0,2004,Residential
514,3950,4840Sw69thAveMiami,3,2.0,1464,Rental
515,789000,6375Sw42ndTerraceMiami,4,2.0,1531,Residential
516,415750,3470ECoastAveHo702Miami,1,1.0,735,Residential
517,290000,1336Nw24thAvenue#1336Miami,3,2.0,1160,Residential
518,410000,15251Sw31stStMiami,3,3.0,1704,Residential
519,2600,164Nw69thStreet#1Miami,3,1.0,1000,Rental
520,410000,11820Sw187thStreetMiami,3,2.0,1388,Residential
521,475000,14765Sw99LaneMiami,4,2.0,1820,Residential
522,360000,676Ne195thSt676Miami,2,3.0,1276,Residential
523,385000,8350Sw32ndStMiami,3,1.0,1437,Residential
524,669000,495BrickellAve1509Miami,1,1.0,1035,Residential
525,2150,820Nw87thAve202Miami,2,2.0,1026,Rental
526,485000,151Se1stStreet#1411Miami,2,2.0,791,Residential
527,3600,634Ne193rdTerMiami,4,3.0,2105,Rental
528,4250,3250Ne1stAve553Miami,2,3.0,1269,Rental
529,2995,690Sw1stCourt#1024Miami,1,2.0,795,Rental
530,1199000,19880Sw134thAvenueMiami,5,4.0,3316,Residential
531,279900,1285Nw44thStMiami,2,1.0,1020,Residential
532,794900,13220Sw35thTerraceMIAMI,4,2.0,2169,Residential
533,2500,1100SMiamiAve2205Miami,0,1.0,531,Rental
534,4250,3024Sw6thStMiami,2,1.0,1326,Rental
535,1000000,465BrickellAveBay419Miami,2,2.0,1325,Residential
536,330000,88Ne68thTerraceMiami,4,2.0,0,Residential
537,2800,17089SwSw93StreetMiami,3,4.0,1740,Rental
538,519900,20620Ne7thPlMiami,3,3.0,1320,Residential
539,799000,2851Sw103AvMiami,4,3.0,2908,Residential
540,470000,390Ne208thTer390Miami,3,3.0,1485,Residential
541,429900,7575Sw28thTerraceMiami,3,3.0,1136,Residential
542,149900,1750Ne191stSt322Miami,1,1.0,1036,Residential
543,102000,1201Ne191stSt403gMiami,1,2.0,898,Residential
544,2000000,2531Ne195thStreetMiami,5,4.0,2759,Residential
545,425000,12000188thStreetMIAMI,3,2.0,1969,Residential
546,365000,234Ne3rdStreet#1804Miami,1,1.0,784,Residential
547,210000,1680Ne191stSt212-2Miami,2,2.0,1674,Residential
548,1150000,967Ne78thStMiami,3,2.0,2310,Residential
549,3000,950BrickellBayDr1809Miami,1,1.0,628,Rental
550,725000,6142Sw158thPassMiami,4,3.0,2438,Residential
551,11000,55Sw9thSt4304Miami,3,4.0,1750,Rental
552,300000,1110LittleRiverDriveMiami,3,2.0,1206,Residential
553,1850,1535Sw2ndAve4Miami,1,1.0,0,Rental
554,600000,930Ne86thStMiami,2,1.0,950,Residential
555,640000,15809Sw60thTerraceMiami,5,3.0,2444,Residential
556,260000,10852NKendallDr311Miami,2,2.0,1137,Residential
557,460000,284Nw82ndStMiami,4,3.0,1660,Residential
558,159000,20831SanSimeonWay101Miami,1,2.0,981,Residential
559,575000,20685Ne2ndCtMiami,4,4.0,2094,Residential
560,445000,1100Sw93rdAveMiami,4,2.0,1602,Residential
561,530000,366Ne208thTer366Miami,3,3.0,1320,Residential
562,1550,15221Ne6thAveA303Miami,1,2.0,740,Rental
563,295000,1514Nw74thStMiami,3,1.0,620,Residential
564,3200,3000CoralWay1513Miami,2,2.0,1127,Rental
565,540000,4300Sw94thAveMiami,3,2.0,1524,Residential
566,465000,12380Sw123rdPassMiami,3,3.0,1602,Residential
567,250000,8810FontainebleauBlvd305Miami,2,2.0,968,Residential
568,1500,15600Nw7thAve516Miami,1,1.0,840,Rental
569,1500,15600Nw7thAve518Miami,1,1.0,840,Rental
570,2450,1251Ne108St103Miami,2,2.0,1040,Rental
571,249900,15639Sw73rdCircleTer7-1Miami,2,2.0,825,Residential
572,3100,500BrickellAve2308Miami,1,1.0,738,Rental
573,218000,20761Ne4thPl104Miami,2,2.0,917,Residential
574,469000,5920Sw6thStreetMiami,2,1.0,1028,Residential
575,5000,1435BrickellAvenue#3502Miami,0,1.0,624,Rental
576,2800,41Se5thSt815Miami,1,2.0,952,Rental
577,3000,649Sw9thSt201Miami,1,1.0,530,Rental
578,429000,7333Nw56thStMiami,0,0.0,0,Commercial
579,4500,201Sw17thRoad#810Miami,2,2.0,1077,Rental
580,489000,253Ne2ndStreet#1908Miami,2,2.0,1006,Residential
581,400000,2479Sw17thStMiami,0,0.0,0,Land
582,849999,2645Sw37thAveMiami,0,0.0,0,Commercial
583,250000,1438Nw71stStMiami,2,1.0,980,Residential
584,450000,370Nw20thSt9Miami,4,3.0,1347,Residential
585,1210000,3410Sw11thStMiami,0,0.0,3961,Residential
586,3600,55Sw9thSt3110Miami,1,1.0,776,Rental
587,2400,540KeyDr507Miami,0,1.0,400,Rental
588,429000,N/AMiami,0,0.0,1780,Residential
589,579000,15602Sw109thTerMiami,4,3.0,2222,Residential
590,729900,14803Sw31stTerMiami,4,3.0,2525,Residential
591,2500,3301Ne5thAve608Miami,1,1.0,822,Rental
592,409000,11500Sw193rdStMiami,3,1.0,1576,Residential
593,11000,2210Ne203rdTerMiami,5,4.0,4270,Rental
594,435000,6390Sw19thTerMiami,3,3.0,1580,Residential
595,675000,9032162ndPathMiami,5,3.0,2316,Residential
596,386000,14951RoyalOaksLn2004Miami,2,2.0,1761,Residential
597,2590,1100SMiamiAve1806Miami,0,1.0,530,Rental
598,994000,1200BrickellBayDrive#3324Miami,3,3.0,1232,Residential
599,2200,1800Nw24thAve203Miami,2,2.0,767,Rental
600,449000,16250Sw137thCtMiami,3,2.0,1252,Residential
601,74999,1485Nw54thStMiami,0,0.0,2813,Commercial
602,74999,1485Nw54thStMiami,0,0.0,0,Land
603,2475,542Nw35thStMiami,2,2.0,650,Rental
604,2999,11500PeachtreeDrMiami,3,2.0,2100,Rental
605,1400,15205Ne6thAvenue#d207Miami,2,2.0,920,Rental
606,650000,4401Sw14thStMiami,2,1.0,810,Residential
607,3000,11668Sw91stTer11668Miami,3,3.0,1890,Rental
608,1400,15600Nw7thAve606Miami,1,1.0,840,Rental
609,4750,3520Sw20StMiami,4,3.0,1744,Rental
610,1700000,3411Nw1stAveMiami,2,1.0,930,Residential
611,1900,2055Sw122ndAve219Miami,2,1.0,720,Rental
612,1800,3410CoralWay701Miami,1,1.0,530,Rental
613,399990,185Se14thTer708Miami,2,2.0,930,Residential
614,3500,253Ne2ndStreet#2710Miami,2,2.0,1004,Rental
615,290000,14510Nw16thAveMiami,3,2.0,1362,Residential
616,5825,9950Sw107thAve204Miami,0,0.0,36155,Commercial
617,1550,1135Nw4thSt3Miami,2,1.0,680,Rental
618,550000,55Nw33AvenueMiami,2,1.0,1225,Residential
619,750000,1615Nw15thStMiami,0,0.0,1795,Residential
620,699000,3857Ne167thSt28Miami,2,3.0,1570,Residential
621,265000,15470Sw82ndLane#325Miami,2,2.0,968,Residential
622,849000,4111Sw99thAvenueMiami,7,4.0,1904,Residential
623,3800,1111Sw1stAvenue#2822-nMiami,2,2.0,1099,Rental
624,3750,31Se6thStreet#602Miami,2,2.0,1016,Rental
625,999990,1679Sw14thTerMiami,6,5.0,2570,Residential
626,500000,1022Nw133rdAveMiami,4,3.0,2421,Residential
627,399999,369Ne158thStMiami,3,2.0,1731,Residential
628,240000,860Ne78thSt203Miami,1,2.0,651,Residential
629,359000,14940Sw89thSt14940Miami,3,3.0,1696,Residential
630,299900,2360Nw105thStMiami,2,1.0,1014,Residential
631,430000,7290Sw90thSt401Miami,2,2.0,0,Residential
632,3400,1100SMiamiAve2103Miami,1,1.0,923,Rental
633,27,6251Nw7thAveMiami,0,0.0,19292,Commercial
634,2300,660WParkDr1-203Miami,2,2.0,800,Rental
635,4500,851Ne1stAvenue#3806Miami,1,2.0,1318,Rental
636,2000,4715Nw7thSt109-2Miami,2,2.0,782,Rental
637,519000,11734Sw92ndTerraceMiami,3,3.0,1830,Residential
638,5100000,1762-1760Sw22ndTerMiami,0,0.0,8775,Commercial
639,150000,19305Ne2ndAve2302Miami,2,2.0,1025,Residential
640,2500,1408BrickellBayDr1103Miami,1,1.0,787,Rental
641,1400000,45Sw9thStLph4609Miami,3,4.0,1500,Residential
642,499000,N/AMiami,4,4.0,2617,Residential
643,398500,186Se12thTer1508Miami,1,1.0,754,Residential
644,385000,85Ne212thStMiami,3,2.0,1404,Residential
645,264600,1201SLeJeuneRd210Miami,2,2.0,720,Residential
646,2400,1303Ne147thStMiami,2,2.0,1846,Rental
647,299900,1443Nw68thTerMiami,3,1.0,1008,Residential
648,25000,1331BrickellBayDr4211Miami,4,5.0,3415,Rental
649,1200,2549Ne190thSt4Miami,1,1.0,0,Rental
650,270000,8881FontainebleauBlvd201-aMiami,2,2.0,958,Residential
651,210000,829Ne199thStreet#104Miami,2,2.0,1070,Residential
652,1800,7732CaminoRealF417Miami,1,1.0,712,Rental
653,401999,12771Sw230thTerraceMiami,3,3.0,1331,Residential
654,2700,3301Ne1stAveH1213Miami,0,1.0,655,Rental
655,574900,3900BiscayneBoulevard#n-605Miami,1,1.0,640,Residential
656,157700,1150Ne191stStreet#47Miami,1,2.0,830,Residential
657,325000,8450Sw150thAvenue#101Miami,3,2.0,1230,Residential
658,499000,601Ne36thSt1308Miami,1,2.0,761,Residential
659,390000,20126Sw124thAveMiami,3,2.0,1342,Residential
660,8427,45Sw9thSt4406Miami,3,3.0,1364,Rental
661,3250,1750NBayshoreDr3510Miami,1,1.0,821,Rental
662,3000,1440BrickellBayDr606Miami,2,2.0,1045,Rental
663,425000,200Se15thRoad#3gMiami,1,2.0,612,Residential
664,350000,18221Nw5thAveMiami,3,2.0,984,Residential
665,650000,11632NKendallDriveMiami,0,0.0,0,Business
666,1800,4717Nw7thSt503-10Miami,2,1.0,728,Rental
667,149000,671Ne195thSt422-eMiami,1,2.0,952,Residential
668,429900,1301Nw82ndStMiami,3,2.0,0,Residential
669,2800,410Ne208thTerMiami,3,2.0,1485,Rental
670,500000,655Ne80thStMiami,0,0.0,2011,Residential
671,4500,796Ne191stTerMiami,4,3.0,2156,Rental
672,300000,3034Nw22ndCourtMiami,3,2.0,1208,Residential
673,470000,13430Sw182StMiami,3,2.0,1557,Residential
674,599995,1200BrickellBayDrive#4008Miami,1,1.0,825,Residential
675,4300,999Sw1Ave2714Miami,2,2.0,1173,Rental
676,3500,2801Sw36AvMiami,4,2.0,1800,Rental
677,395826,17041Nw9thPlMiami,3,2.0,1178,Residential
678,485000,7275Sw90thWay208Miami,3,2.0,1385,Residential
679,600000,15432Sw32ndTerMiami,3,2.0,1729,Residential
680,329500,9876HammocksBlvd104-54Miami,3,4.0,1364,Residential
681,185000,8075Nw7thSt407Miami,2,2.0,870,Residential
682,299000,11961Sw214thStMiami,3,1.0,849,Residential
683,1249999,Sw184Miami,0,0.0,313501,Commercial
684,549900,N/AMiami,4,2.0,2078,Residential
685,1250000,12750Sw197thAveMiami,5,5.0,5198,Residential
686,2050,486Nw165thStreetRdB-206Miami,2,2.0,1175,Rental
687,549990,1230Ne148thStMiami,0,0.0,2100,Residential
688,2500,1651Ne115thSt21cMiami,2,3.0,1285,Rental
689,142000,488Nw165thStreetRoad#b514Miami,1,1.0,826,Residential
690,6000,N/AMiami,2,2.0,997,Rental
691,185000,10400Sw108thAveA211Miami,1,2.0,725,Residential
692,949000,701Ne164thStreetMiami,3,3.0,1856,Residential
693,325000,1614Ne151stSt1614Miami,2,3.0,1348,Residential
694,295000,22020Sw115thAveMiami,2,1.0,600,Residential
695,645000,1236Nw28StMiami,0,0.0,1200,Residential
696,200000,903Ne199thSt208Miami,2,2.0,1070,Residential
697,195000,N/AMiami,0,0.0,0,Land
698,503000,1300SMiamiAvenue#4007Miami,1,1.0,570,Residential
699,2500,2951SBayshoreDr415Miami,1,1.0,560,Rental
700,635000,186Se12thTerrace#2304Miami,2,2.0,1191,Residential
701,4800,800WAve935Miami,2,2.0,1150,Rental
702,3000,1750NBayshoreDr4205Miami,1,1.0,825,Rental
703,3500,185Sw7thStUnit#3409Miami,2,3.0,1179,Rental
704,3900,13641NeMiamiCourtMiami,3,3.0,1567,Rental
705,815000,127115TerraceMIAMI,3,2.0,1427,Residential
706,4200,14741Nw16thDrMiami,5,2.0,2018,Rental
707,8000,1060BrickellAvenue#2901Miami,2,3.0,1368,Rental
708,335000,9060Sw125thAvenue#c204Miami,2,2.0,1040,Residential
709,3750,851Ne1stAvenue#2302Miami,1,2.0,1095,Rental
710,4800,55Se6thSt3500Miami,1,1.0,806,Rental
711,1650,9228Sw170thPathMiami,1,1.0,400,Rental
712,675000,789Nw70thStMiami,0,0.0,3160,Residential
713,320000,2740Sw28thTer303Miami,0,1.0,440,Residential
714,680000,2105Sw151stPlMiami,4,4.0,3043,Residential
715,525000,321Ne26thSt701Miami,2,2.0,821,Residential
716,699888,250NBiscayneRiverDrMiami,3,4.0,2488,Residential
717,2100,234Ne3rdStreet#408Miami,1,1.0,712,Rental
718,198900,11326Sw172ndStMiami,2,2.0,1112,Residential
719,1500,1135Nw4thSt5Miami,1,1.0,560,Rental
720,130000,6511Nw12thAvenue#10Miami,1,1.0,450,Residential
721,249900,2484Nw93rdStreetMiami,2,1.0,672,Residential
722,525000,11737Sw117thCourtMiami,3,2.0,1551,Residential
723,1750,1540Ne111thStMiami,2,2.0,2297,Rental
724,520000,45Sw9thSt2810Miami,1,2.0,756,Residential
725,99900,2220Nw51stTerMiami,0,0.0,0,Land
726,1550,1200NeMiamiGardensDr1011Miami,1,1.0,852,Rental
727,249900,2224Nw51stTerMiami,2,1.0,660,Residential
728,984000,495BrickellAvenue#3511Miami,2,2.0,1255,Residential
729,1150000,495BrickellAveBy1005Miami,2,2.0,1390,Residential
730,1888888,3701ElPradoBlvdMiami,0,0.0,0,Land
731,1170000,88Sw7thSt3604Miami,2,3.0,1407,Residential
732,695000,4720Sw5thTerMiami,4,3.0,1908,Residential
733,568000,14272Sw182ndTerraceMIAMI,4,2.0,1325,Residential
734,3000,800NMiamiAvenue#e-403Miami,2,2.0,914,Rental
735,699000,1335Sw74CourtMIAMI,4,2.0,2345,Residential
736,389000,9735Nw6thTerraceMiami,3,2.0,1395,Residential
737,950000,2703Nw46StMiami,0,0.0,16108,Commercial
738,22000000,1269NVenetianWayMiami,5,6.0,4568,Residential
739,5825,9950Sw107thAvenue204MIAMI,0,0.0,0,CommercialLease
740,4050,1100SMiamiAve2207Miami,2,2.0,910,Rental
741,3500,9081Sw169thPathMiami,4,3.0,1876,Rental
742,3000,13621Sw101stLnMiami,2,2.0,1222,Rental
743,2250,1800Nw24thAve309Miami,2,2.0,810,Rental
744,2000,10251Sw64thStMiami,0,0.0,93218,Commercial
745,1500,1520Nw114thStreetMiami,1,1.0,700,Rental
746,530000,7266Sw88thStA518Miami,2,2.0,1489,Residential
747,649000,235Nw26thAveMiami,3,2.0,1457,Residential
748,2250000,400Sw24thRoadMiami,4,4.0,4000,Residential
749,2000000,640Ne53rdStMiami,3,3.0,2818,Residential
750,5900,2020NBayshoreDr1108Miami,2,2.0,1128,Rental
751,240000,16330Ne5thAveMiami,0,0.0,0,Land
752,570000,17001Sw118thAvenueMiami,4,2.0,1470,Residential
753,699000,50BiscayneBlvd5301Miami,2,2.0,1256,Residential
754,3200,12432Sw94thLnMiami,3,3.0,1466,Rental
755,380000,1141Nw75thStMiami,3,2.0,1607,Residential
756,265000,6925Nw28thAveMiami,3,2.0,1050,Residential
757,390000,9701Sw1stStAMiami,2,2.0,1136,Residential
758,145000,671Ne195thStreet#303-eMiami,1,2.0,961,Residential
759,330000,12300Nw17thAveMiami,3,1.0,851,Residential
760,579000,1600Ne1stAve2307Miami,2,2.0,880,Residential
761,149900,1501Ne191stStC113Miami,1,2.0,898,Residential
762,4900,950BrickellBayDr4106Miami,2,2.0,1101,Rental
763,600000,1613766TerrMIAMI,4,3.0,2346,Residential
764,335000,1521Nw56thStMiami,3,3.0,1615,Residential
765,4950,495BrickellAvenue#4807Miami,1,1.0,984,Rental
766,589000,6358Sw41stStMiami,3,2.0,1815,Residential
767,449900,944Nw64thStMiami,3,2.0,1400,Residential
768,399900,8260Nw13AveMiami,3,2.0,0,Residential
769,799000,10341Nw10thStMiami,4,4.0,3010,Residential
770,928500,888BrickellKeyDr907Miami,3,3.0,1650,Residential
771,2850,555Ne15thStT-9Miami,1,2.0,920,Rental
772,400000,7280Sw90thSt701Miami,2,2.0,0,Residential
773,750000,693Ne80thStMiami,0,0.0,2229,Residential
774,325000,12120Nw21stCtMiami,2,1.0,1019,Residential
775,1300000,1949Nw18thAveMiami,0,0.0,6900,Commercial
776,4000,N/AMiami,4,2.0,2424,Rental
777,250000,1200Ne149thStMiami,2,1.0,840,Residential
778,2500,990Ne212thTer1Miami,3,2.0,1090,Rental
779,1700,903Ne199thSt103Miami,2,2.0,907,Rental
780,293000,9714HammocksBlvd204Miami,3,2.0,993,Residential
781,2750,555Ne15thStT-9Miami,1,2.0,920,Rental
782,3700,480Ne30thStPh2205Miami,2,2.0,1007,Rental
783,2600,530Sw10thSt3Miami,2,1.0,840,Rental
784,420000,22020Sw113thCtMiami,4,2.0,1344,Residential
785,480000,475BrickellAve2008Miami,0,1.0,598,Residential
786,400000,750Ne90thSt803Miami,2,2.0,1270,Residential
787,2750,1750NBayshoreDr5011Miami,1,1.0,791,Rental
788,259900,10800Sw88StreetO12MIAMI,2,2.0,955,Residential
789,725000,161Nw40thStMiami,4,2.0,1434,Residential
790,375000,1025Nw59thStMiami,3,2.0,1289,Residential
791,460000,5627Nw9thAvenueMiami,5,3.0,1734,Residential
792,770000,20864Ne2ndCourtMiami,4,4.0,2654,Residential
793,375000,1528BrickellAvenue#108Miami,1,2.0,750,Residential
794,2700,185Sw7thSt4210Miami,1,1.0,832,Rental
795,7900,551Ne53StMiami,3,2.0,2085,Rental
796,239900,10440Sw156thCt722Miami,2,2.0,1053,Residential
797,2900,1279Nw29thTer1Miami,3,2.0,1516,Rental
798,1550,1279Nw29thTer2Miami,1,1.0,1516,Rental
799,2700,1279Nw29thTer3Miami,3,2.0,1516,Rental
800,2300,15275Sw107thLnMiami,2,2.0,1019,Rental
801,1195000,2347SecoffeeTerraceMiami,3,2.0,1330,Residential
802,399000,1102Nw103rdStMiami,0,0.0,2005,Residential
803,215000,1300Sw122ndAve101-2Miami,2,2.0,1170,Residential
804,258400,11200Nw17thAveMiami,3,2.0,1107,Residential
805,450000,1530Nw132ndTerMiami,3,2.0,1756,Residential
806,7500,3595Nw54thStMiami,0,0.0,18500,Commercial
807,775000,1100BiscayneBlvd2803Miami,2,3.0,1498,Residential
808,325000,6100Sw130thAve1603Miami,2,3.0,1100,Residential
809,700000,321Ne75thStMiami,0,0.0,0,Residential
810,500000,7501Ne3rdAveMiami,0,0.0,3250,Commercial
811,6000,1155BrickellBayDr2104Miami,3,2.0,1510,Rental
812,4375,31Se5thStreet#4014Miami,2,2.0,1058,Rental
813,500000,10510Nw6thAveMiami,3,2.0,1268,Residential
814,300000,9001Sw77thAvenue#c501Miami,2,2.0,1073,Residential
815,3000,1750Ne191stStreet#223f-4Miami,1,1.0,816,Rental
816,249000,253Ne2ndSt215Miami,0,1.0,0,Residential
817,585000,2611Ne209thStMiami,0,0.0,0,Land
818,400000,2540Nw112thStMiami,3,2.0,1925,Residential
819,300000,1275Nw55thStMiami,2,1.0,1747,Residential
820,599900,1101Nw134thAvenueMiami,3,2.0,1535,Residential
821,1300000,1100BiscayneBoulevard#5403Miami,2,3.0,1498,Residential
822,2500,50BiscayneBlvd3903Miami,0,1.0,567,Rental
823,2800,18293Sw148AvenueMiami,3,3.0,0,Rental
824,189900,10500Sw155thCt1027Miami,1,1.0,747,Residential
825,2000,21Sw109thAve2bMiami,2,2.0,764,Rental
826,610000,15900Sw105thCtMiami,3,2.0,1927,Residential
827,899000,1129Nw30thStMiami,0,0.0,1780,Residential
828,950000,Nw22ndAveMiami,0,0.0,13553,Commercial
829,339000,N/AMiami,2,2.0,1073,Residential
830,580000,1435BrickellAvenue#3402Miami,0,1.0,624,Residential
831,120000,505Nw177thSt137Miami,1,1.0,730,Residential
832,790000,485BrickellAvenue#2906Miami,1,1.0,842,Residential
833,494999,14925Ne11thCtMiami,0,0.0,1578,Residential
834,425000,343Ne211thTerraceMiami,3,3.0,1854,Residential
835,8000,851Ne13508Miami,2,3.0,0,Rental
836,730000,1054Sw145thCtMiami,4,4.0,3043,Residential
837,317900,1480Nw55thStMiami,3,1.0,998,Residential
838,425000,4434Sw163rdPlace#4434Miami,3,3.0,1430,Residential
839,180000,10875Sw112thAvenue#212Miami,1,2.0,787,Residential
840,2375,601Ne23rdStreet#907Miami,1,1.0,663,Rental
841,1550,1200NeMiamiGardensDr1011Miami,1,1.0,852,Rental
842,330000,642Ne195thStMiami,2,3.0,1276,Residential
843,3300,60Sw13thSt3616Miami,1,2.0,876,Rental
844,3650,45Sw9thSt2604Miami,1,2.0,843,Rental
845,1650,3301Ne5thAve619Miami,1,1.0,500,Rental
846,299900,8029Nw11thAveMiami,3,1.0,1148,Residential
847,649000,8200EDixieHighwayMiami,4,3.0,1920,Residential
848,285000,1959Nw46thStMiami,2,1.0,825,Residential
849,494900,20320Sw115thAveMiami,4,2.0,2323,Residential
850,470000,8945Sw56thTerraceMiami,4,2.0,1680,Residential
851,629000,13040Sw142ndTerMiami,3,4.0,2663,Residential
852,739500,2150Sw76CourtMiami,5,2.0,2199,Residential
853,689900,90Nw144thStMiami,4,2.0,1770,Residential
854,2390,471Ne25thSt403Miami,2,1.0,1545,Rental
855,350000,1051Nw195thStreetMiami,3,2.0,1530,Residential
856,550000,1911Nw37thAveMiami,3,2.0,1124,Residential
857,475000,19707TurnberryWay6bMiami,2,2.0,1522,Residential
858,279000,532Nw100thStMiami,2,1.0,884,Residential
859,320000,10415Sw153rdCourt#3Miami,2,2.0,1050,Residential
860,200000,451IvesDairyRdA-101Miami,2,2.0,1405,Residential
861,669900,2221Sw13thStMiami,4,3.0,1936,Residential
862,520000,1500Ne110thStreetMiami,3,2.0,1560,Residential
863,4700,45Sw9thSt3508Miami,2,2.0,924,Rental
864,1599000,2727Sw22ndAveMiami,3,3.0,3012,Residential
865,240000,9190FontainebleauBlvd401Miami,2,2.0,1203,Residential
866,195000,16450Nw2ndAve116Miami,2,2.0,825,Residential
867,410000,1845Nw55thStMiami,0,0.0,1629,Residential
868,760000,1100BiscayneBlvd2704Miami,2,3.0,1477,Residential
869,3800,8395Sw73rdAvenue#512Miami,3,2.0,1518,Rental
870,289000,8860Sw123rdCtK410Miami,2,2.0,1200,Residential
871,2700,3301Ne1stAvenue#h1803Miami,0,1.0,655,Rental
872,749900,9931Sw22ndStMiami,3,2.0,2222,Residential
873,102500,18740Ne18thAve143Miami,1,1.0,660,Residential
874,248000,7290Sw90thStF202Miami,1,1.0,768,Residential
875,148000,15600Nw7thAve115Miami,1,1.0,840,Residential
876,289000,7275Sw90WayG210Miami,2,2.0,1094,Residential
877,279000,7275Sw90WayG207Miami,1,2.0,1120,Residential
878,272000,7275Sw90WayG303Miami,1,2.0,1091,Residential
879,525000,7265Sw89thStA712Miami,3,2.0,1516,Residential
880,369000,6865Nw169thSt60fMiami,3,3.0,1590,Residential
881,300000,1309Nw55thTerraceMiami,3,1.0,1148,Residential
882,1285000,725Ne22ndStreet#7aMiami,2,2.0,2000,Residential
883,8500,200BiscayneBlvdWay903Miami,2,3.0,1430,Rental
884,775000,1100BiscayneBlvd2904Miami,2,3.0,1477,Residential
885,3700,186Se12thTer909Miami,2,2.0,1145,Rental
886,497000,12694Nw9thLaneMiami,4,3.0,1690,Residential
887,420000,8850WFlaglerStreet#8Miami,3,3.0,1426,Residential
888,3200,2101BrickellAve2509Miami,1,1.0,791,Rental
889,2850,2951SBayshoreDr207Miami,1,1.0,680,Rental
890,2500,3409Sw16thStMiami,3,1.0,1680,Rental
891,2800,1900NBayshoreDr1507Miami,1,2.0,780,Rental
892,699000,888BiscayneBlvd1705Miami,2,2.0,1198,Residential
893,4000,485BrickellAveMiami,1,1.0,842,Rental
894,461000,1080BrickellAve2005Miami,0,1.0,558,Residential
895,695000,1600Sw1stAve1103Miami,2,2.0,942,Residential
896,3200,8395Sw73rdAvenue#403Miami,2,2.0,1211,Rental
897,310000,6910Nw6thCtMiami,0,0.0,1425,Residential
898,2500,1301NeMiamiGardensDr715wMiami,2,2.0,1140,Rental
899,624990,16525NMiamiAveMiami,0,0.0,1704,Residential
900,2000,10800Sw88StreetO12MIAMI,2,2.0,955,Rental
901,75000,15600Ne6thAve12aMiami,1,1.0,620,Residential
902,232000,253Ne2ndSt316Miami,0,1.0,491,Residential
903,248000,1628Nw114thStreetMiami,2,1.0,1172,Residential
904,195000,9447FontainebleauBoulevard#107Miami,1,1.0,830,Residential
905,420000,1201Nw101StMiami,0,0.0,1605,Residential
906,220000,10115Nw9thStreetCir205Miami,2,1.0,874,Residential
907,2900,17093Sw93rdStMiami,3,3.0,1740,Rental
908,225000,8205Sw152ndAveF409Miami,2,2.0,1132,Residential
909,380000,1750NBayshoreDrive#3310Miami,1,1.0,821,Residential
910,620000,7379Sw22ndStreetMiami,4,2.0,2414,Residential
911,850000,591Nw34thStMiami,3,3.0,1313,Residential
912,615000,1010BrickellAvenue#3408Miami,1,2.0,759,Residential
913,350000,3500CoralWay1413Miami,2,2.0,917,Residential
914,714900,4400Sw64thCtMiami,5,3.0,1656,Residential
915,534900,9368Sw146thPlaceMiami,4,3.0,2604,Residential
916,330000,9731Sw183rdStreetMiami,2,1.0,1432,Residential
917,9126648,300BiscayneBoulevard#8001Miami,4,5.0,3575,Residential
918,1750,555Sw16thAve16Miami,2,1.0,620,Rental
919,495000,45Sw9thStreet#4002Miami,1,2.0,792,Residential
920,2800,9382Sw171stAveMiami,3,3.0,1740,Rental
921,1050000,11054Sw79thPathMiami,3,3.0,2792,Residential
922,167000,10680Sw155thPl1401Miami,1,1.0,651,Residential
923,2000,2020Nw119thSt1121Miami,2,2.0,1000,Rental
924,349999,1318Nw42ndStMiami,3,2.0,1031,Residential
925,560000,13755Sw176thTerMIAMI,3,2.0,1711,Residential
926,675000,6920Nw4thAveMiami,0,0.0,2926,Residential
927,405000,253Ne2ndSt1707Miami,1,1.0,802,Residential
928,455000,16541Sw102ndCtMiami,4,2.0,1950,Residential
929,625000,13301Sw99PlMiami,4,2.0,1917,Residential
930,979000,14705NSpurDrMiami,6,3.0,2910,Residential
931,474900,2841Sw92ndCtMiami,3,2.0,1113,Residential
932,430000,12510Sw184StreetMiami,5,3.0,0,Residential
933,2950,1750NBayshoreDr5205Miami,1,1.0,825,Rental
934,315000,20822SanSimeonWay103Miami,2,3.0,1300,Residential
935,310000,9001Sw77thAvenue#c208Miami,3,2.0,1230,Residential
936,899000,14145Nw5thAveMiami,3,2.0,1870,Residential
937,2200,647Ne79thSt4Miami,2,1.0,0,Rental
938,400000,10700Sw47thStMiami,3,1.0,1112,Residential
939,6250,1700Sw13thAveMiami,3,3.0,2036,Rental
940,570000,2727Sw6thStreetMiami,4,4.0,2130,Residential
941,219900,1912Sw17thAve14Miami,2,2.0,970,Residential
942,2500000,1648Sw7thStMiami,0,0.0,6014,Residential
943,2550,111EFlaglerSt1109Miami,2,1.0,787,Rental
944,549000,2425-2427Nw104thStMiami,0,0.0,2160,Residential
945,575000,3651Nw17thStMiami,4,3.0,2222,Residential
946,360000,3221Nw11thCtMiami,4,2.0,1453,Residential
947,359000,2964Nw102ndStMiami,3,1.0,1000,Residential
948,3900,3451Ne1stAveM0302Miami,2,2.0,906,Rental
949,560000,1300BrickellBayDr906Miami,1,1.0,696,Residential
950,353100,14700SSpurDrMiami,3,2.0,1644,Residential
951,1950000,1955Ne201stStMiami,6,6.0,5240,Residential
952,3300,244BiscayneBlvd648Miami,1,3.0,978,Rental
953,629000,929Ne81stStMiami,3,2.0,1809,Residential
954,625000,700Ne25thStreet803Miami,2,2.0,1382,Residential
955,1850,3859WashingtonAveMiami,3,1.0,726,Rental
956,3900,5830Sw47thStreetMiami,3,2.0,1300,Rental
957,204900,7845CaminoReal113Miami,1,1.0,712,Residential
958,6000,475BrickellAve2009Miami,2,2.0,1167,Rental
959,258500,8305Sw152ndAveA209Miami,2,2.0,0,Residential
960,625000,760Nw70thStMiami,0,0.0,3136,Residential
961,3300,15322Sw8thWayMiami,4,3.0,2096,Rental
962,990000,17061Sw213thLnMiami,5,4.0,3252,Residential
963,349900,3301Ne1stAveL302Miami,1,2.0,711,Residential
964,389000,11870Sw122ndPlaceMiami,3,2.0,1225,Residential
965,4995,325SBiscayneBoulevard#2926Miami,3,2.0,1416,Rental
966,1200,261Nw81stStCMiami,1,1.0,2319,Rental
967,350000,1780Nw112thTerMiami,3,2.0,976,Residential
968,650000,300Ne119TerraceMiami,3,2.0,1844,Residential
969,422000,307Ne208thTerMiami,3,3.0,1485,Residential
970,1700,14222Sw160thTerMiami,1,1.0,400,Rental
971,369000,1800NBayshoreDrive1804Miami,1,1.0,842,Residential
972,899000,601Ne36thStreet#701Miami,2,3.0,1449,Residential
973,2300000,6701-6781Nw27Ave.Miami,0,0.0,26466,Commercial
974,530000,250Nw23rdStreet#407Miami,1,1.0,840,Residential
975,550000,250Nw23rdStreet#410Miami,1,1.0,1063,Residential
976,449000,9470Sw39thStMiami,3,1.0,1260,Residential
977,549000,21252127Sw19thTerraceMiami,0,2.0,2050,Residential
978,649000,21152117Sw19thTerraceMiami,0,2.0,2449,Residential
979,500000,435Ne114thStMiami,3,2.0,1640,Residential
980,215000,492Nw165thStreet#c112Miami,2,2.0,1175,Residential
981,539000,1915BrickellAveC510Miami,2,2.0,1316,Residential
982,2100,511Ne110thTerMiami,2,1.0,1010,Rental
983,379900,1111Sw1stAvenue#2924-nMiami,1,2.0,694,Residential
984,450000,14435Sw108thStMiami,3,2.0,1908,Residential
985,1900,14863Sw10427-22Miami,2,2.0,750,Rental
986,172500,3901Sw112thAve43Miami,1,1.0,558,Residential
987,259000,1925Nw98thStMiami,2,2.0,600,Residential
988,3750,170Se14thSt1604Miami,2,2.0,942,Rental
989,805000,270Nw53rdStreetMiami,8,4.0,3006,Residential
990,2300,18357Ne1stCtMiami,3,2.0,1217,Rental
991,3500,7275Sw89thStB520Miami,3,2.0,1489,Rental
992,195000,600Nw32ndPl318Miami,2,1.0,722,Residential
993,3750,253Ne2ndSt2303Miami,2,2.0,1058,Rental
994,3900,3401Ne1stAvenue#1504Miami,2,2.0,1203,Rental
995,4600,88Sw7thStreet#1606Miami,1,2.0,886,Rental
996,175000,9020LittleRiverBlvdMiami,0,0.0,0,Land
997,5500,488Ne18thStreet#4711Miami,2,3.0,1161,Rental
998,3600,N/AMiami,2,2.0,848,Rental
999,275000,6900Nw28thAveMiami,3,1.0,1118,Residential
1000,4995,851Ne1stAvenue#3802Miami,2,2.0,937,Rental
1001,3100,838Sw148thPlaceMiami,3,3.0,1608,Rental
1002,455000,13416Sw114thCourtMiami,3,2.0,1212,Residential
1003,4700,501Sw31stSt1408Miami,2,2.0,1084,Rental
1004,595000,4640Sw107thAveMiami,4,3.0,1938,Residential
1005,2600,N/AMiami,4,2.0,1292,Rental
1006,6500,1155BrickellBayDr3411Miami,2,2.0,1200,Rental
1007,499900,600Ne36thSt1604Miami,2,2.0,1218,Residential
1008,370000,31Se5thStreet#1807Miami,1,1.0,757,Residential
1009,4300,1100SMiamiAve2201Miami,2,2.0,1167,Rental
1010,2250,165Nw39thStreet#8Miami,1,1.0,725,Rental
1011,319900,14390Nw14thDrMiami,3,2.0,0,Residential
1012,700000,2340Ne194thStMiami,3,3.0,2135,Residential
1013,250000,8279Nw64thSt55Miami,0,0.0,0,Commercial
1014,500000,141FlagamiBoulevardMiami,3,2.0,1833,Residential
1015,199900,1350Nw8thCt102Miami,1,1.0,743,Residential
1016,350000,3879Sw153rdPl3879Miami,3,3.0,1255,Residential
1017,575000,19200Nw19thAveMiami,6,4.0,3178,Residential
1018,495000,14321Sw182ndTerMiami,4,2.0,1315,Residential
1019,4475,7171Sw56StMiami,3,4.0,1783,Rental
1020,575000,3340Sw3rdStMiami,3,2.0,1535,Residential
1021,499999,31Se6thSt2601Miami,2,2.0,1116,Residential
1022,2000,15385Sw76thTer102Miami,2,2.0,880,Rental
1023,850000,2800Sw26thStMiami,4,2.0,1975,Residential
1024,2800,1900NBayshoreDr3606Miami,1,1.0,951,Rental
1025,595000,9521Nw17thAveMiami,0,0.0,37365,Commercial
1026,360000,561Nw58thCtMiami,3,3.0,1565,Residential
1027,605000,1511Sw126thPlaceMiami,3,2.0,2001,Residential
1028,2850,8917SwGrandCanalDrMiami,4,3.0,1832,Rental
1029,1950,1648Sw7thSt7Miami,2,1.0,6014,Rental
1030,725000,2127BrickellAvenue#504Miami,2,2.0,1230,Residential
1031,400000,800Nw52ndStMiami,3,2.0,1326,Residential
1032,395000,1172Nw118thStMiami,5,4.0,1788,Residential
1033,445000,3451Ne1stAveM0605Miami,1,2.0,802,Residential
1034,3299,1860Nw24thAve303Miami,3,2.0,1000,Rental
1035,230000,1111Nw19Avenue401MIAMI,2,2.0,748,Residential
1036,519900,335SBiscayneBlvd2700Miami,2,2.0,1105,Residential
1037,670000,250Nw23rdStreet#409Miami,1,1.0,1063,Residential
1038,2995,950BrickellBayDrive#2802Miami,1,1.0,688,Rental
1039,295000,5531Nw24thAveMiami,4,2.0,1121,Residential
1040,4000,851Ne1stAve3110Miami,1,2.0,1185,Rental
1041,4500,851Ne1stAvenue#2410Miami,1,2.0,1185,Rental
1042,600000,8960Sw125thTerraceMiami,4,2.0,1762,Residential
1043,249900,15585Sw76thLane83MIAMI,2,2.0,1130,Residential
1044,478000,6995Nw21stAveMiami,3,3.0,2205,Residential
1045,450000,415Nw19thLn21Miami,4,3.0,1347,Residential
1046,599000,1010Sw2ndAve1103Miami,3,3.0,1273,Residential
1047,2000,1650Ne115408Miami,1,1.0,710,Rental
1048,168000,4801Nw7thSt105-16Miami,2,2.0,793,Residential
1049,10000,19355TurnberryWay#26GrMiami,3,5.0,3426,Rental
1050,4400,1100SMiamiAve310Miami,2,2.0,1400,Rental
1051,1300,20111Nw14thAveMiami,1,1.0,2019,Rental
1052,1150,10Miami,1,1.0,600,Rental
1053,1300,535Nw7thSt12Miami,2,1.0,6348,Rental
1054,235000,7821SwMillerDrive103cMiami,2,1.0,840,Residential
1055,459995,8647Nw3rdStMiami,3,3.0,1427,Residential
1056,400000,18730Nw6thCtMiami,4,2.0,2180,Residential
1057,650000,475BrickellAvenue#3111Miami,1,1.0,816,Residential
1058,179900,492Nw165thStreetRdC215Miami,2,2.0,1036,Residential
1059,460000,1891Nw27thStMiami,0,0.0,2380,Residential
1060,499900,1900NBayshoreDr1511Miami,2,2.0,1180,Residential
1061,495000,4941Sw96thAveMiami,3,2.0,1500,Residential
1062,675000,16187Sw72ndTerMiami,4,3.0,2212,Residential
1063,2650,1005Miami,1,1.0,802,Rental
1064,195000,665Ne195thSt324Miami,2,2.0,1197,Residential
1065,1500,950Nw11thSt1AMiami,1,1.0,574,Rental
1066,154900,16851Ne23AveA216Miami,1,1.0,720,Residential
1067,195000,17230Sw113thCourt#21844cMiami,2,2.0,1240,Residential
1068,415000,3835Sw59thAveMiami,2,1.0,910,Residential
1069,2950,4250BiscayneBlvd1108Miami,1,1.0,790,Rental
1070,215000,900Ne195thStreet#309Miami,2,2.0,1380,Residential
1071,290000,15460Sw74thCircleCt1005Miami,2,3.0,1190,Residential
1072,550000,4301Nw19thAveMiami,0,0.0,1745,Residential
1073,439000,19615Nw5thCtMiami,3,5.0,2981,Residential
1074,159900,801Nw47thAve102wMiami,2,1.0,740,Residential
1075,299899,2000TowersideTer1804MIAMI,2,2.0,1312,Residential
1076,480000,11421Sw145thAveMiami,3,3.0,2307,Residential
1077,800000,2730Sw31stAveMiami,0,0.0,0,Land
1078,530000,7711Sw19thStMiami,3,2.0,1672,Residential
1079,2500,133Ne2ndAve3215Miami,1,1.0,651,Rental
1080,1000000,1753Nw19thTerMiami,0,0.0,0,Residential
1081,1000000,1753Nw19thTerMiami,0,0.0,6787,Commercial
1082,1650,5814Ne4thCt101Miami,1,1.0,9182,Rental
1083,7900,951BrickellAve4308Miami,2,3.0,1436,Rental
1084,1800,15591Sw105thTerrace#521Miami,1,1.0,747,Rental
1085,630000,8900Sw79thAveMiami,3,2.0,1671,Residential
1086,195000,21240Ne9thCt21240Miami,2,2.0,880,Residential
1087,4500,851Ne1stAvenue#3506Miami,1,2.0,1318,Rental
1088,4500,851Ne1stAvenue#3606Miami,1,2.0,1318,Rental
1089,250000,601Ne36thSt1308Miami,1,2.0,761,Residential
1090,430000,N/AMiami,4,2.0,1657,Residential
1091,475000,230Sw61stAveMiami,4,2.0,1655,Residential
1092,1990,690WParkDrMiami,2,2.0,800,Rental
1093,69900,15610Ne6thAve41cMiami,1,1.0,620,Residential
1094,5800,1911Ne206thTerMiami,4,3.0,2327,Rental
1095,315000,9001Sw77thAvenue#c109Miami,3,2.0,1205,Residential
1096,2800,9966Sw157thStMiami,3,2.0,1079,Rental
1097,285000,9287Nw5thAveMiami,3,2.0,1051,Residential
1098,465000,17931Sw115thAveMiami,4,2.0,1430,Residential
1099,556000,1010Sw2ndAve1908Miami,2,3.0,1023,Residential
1100,189500,20015Ne3Court3Miami,2,2.0,978,Residential
1101,259000,15770Sw104thTer301Miami,3,2.0,1190,Residential
1102,199786,8760Sw133rdAvenueRd303Miami,2,2.0,965,Residential
1103,420000,8321Sw124thAve103Miami,4,3.0,1743,Residential
1104,258000,2482Nw57thStMiami,2,1.0,832,Residential
1105,175000,199Sw12thAvenue#417aMiami,1,1.0,632,Residential
1106,499900,14825Sw168TerraceMIAMI,3,2.0,1658,Residential
1107,309900,1310Nw42ndStMiami,3,1.0,1135,Residential
1108,425000,750Nw80StMiami,0,0.0,1828,Residential
1109,1300000,14825Ne2ndAvenueMiami,4,3.0,2679,Residential
1110,2100,N/AMiami,3,1.0,792,Rental
1111,1100,2730Sw3rdAve301Miami,0,0.0,16794,Commercial
1112,1299999,3131Ne7thAve4303Miami,3,4.0,1526,Residential
1113,610000,16668Sw54thStMiami,4,3.0,2425,Residential
1114,84900,20327Ne2ndAve5Miami,1,1.0,691,Residential
1115,300000,1750NBayshoreDr4705Miami,1,1.0,825,Residential
1116,4995,2435Ne195thStMiami,4,3.0,2739,Rental
1117,649900,650Ne32ndSt4002Miami,1,2.0,945,Residential
1118,2850,444Ne30St1006Miami,2,2.0,963,Rental
1119,2000000,14539MemorialHwyMiami,0,0.0,0,Land
1120,3800,41Se5thSt807Miami,2,3.0,1510,Rental
1121,515000,11025Sw138thCourtMIAMI,3,2.0,1880,Residential
1122,278000,19424Ne26thAve133bMiami,3,3.0,1688,Residential
1123,460000,1062Sw142ndCtMiami,3,2.0,1613,Residential
1124,2200,9055Sw73rdCt901Miami,1,1.0,797,Rental
1125,3100,14357Sw62StreetMiami,4,3.0,1934,Rental
1126,3700,20134Sw131CourtMIAMI,4,2.0,1946,Rental
1127,3600,403Ne211thTer403Miami,4,4.0,0,Rental
1128,578500,1616Sw101stAveMiami,4,2.0,1797,Residential
1129,227000,12615Nw22ndAveMiami,2,1.0,1905,Residential
1130,537000,7600CollinsAve616Miami,2,3.0,1279,Residential
1131,165000,486Nw165thStreetRd602Miami,2,2.0,1036,Residential
1132,2900,1155BrickellBayDr2806Miami,1,1.0,750,Rental
1133,7900,1300BrickellBayDr2902Miami,3,3.0,1308,Rental
1134,2600,185Sw7thSt3914Miami,1,1.0,789,Rental
1135,399000,133Ne2ndAve3301Miami,2,2.0,1041,Residential
1136,599000,2464Sw24thTerMiami,3,2.0,1320,Residential
1137,3000,133Ne2ndAve3301Miami,2,2.0,1041,Rental
1138,3950,690Sw1stCt2712Miami,2,3.0,1113,Rental
1139,49900,UnincorporatedCountyMiami,0,0.0,0,Land
1140,330000,1721Nw31stStMiami,2,1.0,830,Residential
1141,2895,690Sw1stCourt#1024Miami,1,2.0,795,Rental
1142,137000,1710Ne191stSt205-3Miami,1,2.0,1036,Residential
1143,175000,9440FontainebleauBoulevard#111Miami,1,1.0,676,Residential
1144,339900,1155BrickellBayDr1107Miami,1,1.0,800,Residential
1145,575000,23162Sw104CtMiami,5,3.0,2800,Residential
1146,377000,1045Ne204thLn1045Miami,3,2.0,1792,Residential
1147,239000,8251Sw157thAvenue#105Miami,1,1.0,860,Residential
1148,829000,3370Sw27thStMiami,3,3.0,2450,Residential
1149,1800,8775ParkBoulevard#412Miami,2,2.0,1194,Rental
1150,2700,1600Ne1Ave3403Miami,0,1.0,588,Rental
1151,299900,901Nw144thStMiami,3,1.0,1488,Residential
1152,285000,8900Nw8thAveMiami,3,1.0,1056,Residential
1153,3250,19355TurnberryWay3dMiami,2,2.0,1763,Rental
1154,195000,5401Sw77thCourt202eMIAMI,2,1.0,828,Residential
1155,1975000,1000BrickellPlz4402Miami,3,4.0,1909,Residential
1156,1200000,3219Sw8StreetSwMIAMI,0,0.0,1789,Commercial
1157,126000,1301NeMiamiGardensDr1101wMiami,1,1.0,801,Residential
1158,24,5246Nw7thAveMiami,0,0.0,4800,Commercial
1159,590000,16653Sw55thTerMiami,4,3.0,2425,Residential
1160,2850,7856Nw110thAveMiami,3,3.0,1683,Rental
1161,300000,1124Sw131stPlaceCircleNMiami,2,2.0,1458,Residential
1162,485000,6535Sw32ndStMiami,3,2.0,1592,Residential
1163,185000,821Sw2ndStreet#9Miami,1,2.0,672,Residential
1164,429900,456Ne194thTer456Miami,3,3.0,1671,Residential
1165,69998,15600Ne6thAvenue#17dMiami,1,1.0,620,Residential
1166,995000,488Ne18thStreet#1910Miami,3,4.0,1592,Residential
1167,649000,12950Sw149thStMiami,4,3.0,2733,Residential
1168,1200,1340Nw112thTerMiami,1,1.0,1825,Rental
1169,485000,14510Nw12thAvenueMiami,4,2.0,1619,Residential
1170,79900,20490Nw7thAve8Miami,1,1.0,720,Residential
1171,840000,692Ne191stStMiami,5,5.0,2702,Residential
1172,114000,1150Ne191stSt35Miami,1,2.0,830,Residential
1173,429000,8301Sw124thAveMiami,4,3.0,1743,Residential
1174,1550,15221Ne6thAveA101Miami,2,2.0,920,Rental
1175,4500,1155BrickellBayDr501Miami,2,2.0,1200,Rental
1176,398000,13110Nw22ndAvenueMiami,3,2.0,1636,Residential
1177,3000,3351FranklinAveMiami,2,2.0,951,Rental
1178,1450,492Nw165thStRdC411Miami,1,1.0,826,Rental
1179,1195000,11929Sw72ndTerraceMiami,5,4.0,3184,Residential
1180,2600,410Nw19thTerMiami,4,3.0,1347,Rental
1181,375000,13417Sw114thPlMiami,4,2.0,1641,Residential
1182,682500,2141Sw149thPassMiami,4,5.0,3043,Residential
1183,619900,3250Ne1stAvenue#917Miami,2,2.0,1215,Residential
1184,518500,9930164thCourtMiami,4,2.0,2004,Residential
1185,1300,14819Sw167thStMiami,0,1.0,1860,Rental
1186,595000,595Nw34thStMiami,3,2.0,1228,Residential
1187,180000,1053Nw55thTerMiami,0,0.0,0,Land
1188,525000,9930Sw164thCourtMiami,4,2.0,2004,Residential
1189,659900,11020Sw138thAveMiami,4,3.0,2350,Residential
1190,16,13701Sw143rdCt101Miami,0,0.0,0,Commercial
1191,2550,111EFlaglerSt1309Miami,2,1.0,787,Rental
1192,545000,1010Sw2ndAve804Miami,2,3.0,1024,Residential
1193,849999,14870Sw152ndCourtMiami,4,3.0,3083,Residential
1194,490000,1010Sw2ndAve.1106MIAMI,2,2.0,940,Residential
1195,168600,14961Sw82ndLn21-201Miami,1,1.0,848,Residential
1196,850,2730Sw3rdAve306Miami,0,0.0,16794,Commercial
1197,2200,234Ne3rdSt604Miami,1,1.0,784,Rental
1198,1300,1178Ne111thStAMiami,1,1.0,1950,Rental
1199,1700,12215Sw203rdTerMiami,3,1.0,1125,Rental
1200,335000,13800EMadisonStMiami,3,2.0,1211,Residential
1201,153900,1170Ne191stStreet#36Miami,1,2.0,830,Residential
1202,325000,13233Sw110thTer17-1Miami,2,2.0,1010,Residential
1203,1800,261Nw81stStBMiami,3,1.0,2319,Rental
1204,479000,1750NBayshoreDr2901Miami,2,2.0,1048,Residential
1205,660000,14241Sw160thTerraceMiami,4,4.0,2535,Residential
1206,400000,N/AMiami,4,2.0,2069,Residential
1207,3400,185Sw7thSt3502Miami,2,3.0,1212,Rental
1208,185000,421Ne68thStreet#10Miami,1,1.0,581,Residential
1209,259000,6500Nw17thAveMiami,4,2.0,1022,Residential
1210,2150,13712Sw149thCircleLnMiami,2,2.0,852,Rental
1211,1200,N/AMiami,1,1.0,1494,Rental
1212,350000,10955Sw69TeMiami,3,2.0,1360,Residential
1213,284000,9020Sw125thAveF205Miami,1,2.0,980,Residential
1214,459900,2117Nw2ndStMiami,0,0.0,2076,Residential
1215,175000,502Sw18thAve309Miami,1,1.0,634,Residential
1216,259000,900Sw8thStreet#705Miami,1,1.0,716,Residential
1217,824900,68Se6thSt1211Miami,2,3.0,1265,Residential
1218,395000,1190LittleRiverDrMiami,2,3.0,2572,Residential
1219,395000,1245Sw117thCtMiami,3,2.0,1622,Residential
1220,1550,424Sw7thStreet#403Miami,2,1.0,800,Rental
1221,995000,4770BiscayneBlvd900Miami,0,0.0,0,Commercial
1222,387000,240Sw15thRd108Miami,2,2.0,1130,Residential
1223,339900,6223Sw147thCourtMiami,3,2.0,1372,Residential
1224,499000,8500Nw4thTerrace#1Miami,3,3.0,1580,Residential
1225,410000,13230Nw17thAvenueMiami,3,2.0,1288,Residential
1226,475000,2570Ne215thStMiami,4,2.0,2060,Residential
1227,332000,1620Nw42ndStMiami,3,2.0,0,Residential
1228,169900,1945Nw29thStA4Miami,2,1.0,677,Residential
1229,485000,N/AMiami,3,2.0,1189,Residential
1230,1500,5814Ne4thCt103Miami,1,1.0,655,Rental
1231,775000,11100Sw124thStMiami,5,3.0,2511,Residential
1232,320000,6534Sw129AvMiami,2,3.0,1169,Residential
1233,250000,12937Sw88thLnA102Miami,2,2.0,910,Residential
1234,210000,444Ne206thLn202Miami,2,2.0,1065,Residential
1235,625000,4520Sw154thCourtMIAMI,4,3.0,2231,Residential
1236,2600,432Sw35thAveMiami,3,2.0,2497,Rental
1237,425000,12764Sw209thLnMiami,3,2.0,1502,Residential
1238,479950,780Nw113thStreetMiami,4,2.0,1775,Residential
1239,129950,1390Nw53rdStMiami,0,0.0,0,Land
1240,430000,14400Sw179thLnMiami,3,2.0,1420,Residential
1241,1800,215Miami,0,1.0,491,Rental
1242,500000,13531Sw98thStreetMiami,3,2.0,1673,Residential
1243,1700,9360Sw87thAveN8Miami,2,2.0,939,Rental
1244,317995,19432Ne26thAve94cMiami,3,2.0,1688,Residential
1245,4500,460Ne28thSt2507Miami,2,2.0,1095,Rental
1246,1250,124Miami,1,1.0,620,Rental
1247,465000,300Sw64thAvenueMIAMI,4,3.0,1445,Residential
1248,3300,45Sw9thSt2810Miami,1,2.0,756,Rental
1249,570000,3470ECoastAveH1008Miami,2,3.0,1017,Residential
1250,6240,9950Sw107thAve203Miami,0,0.0,36155,Commercial
1251,899000,6790Sw54thStreetMiami,4,4.0,2326,Residential
1252,8500,1300BrickellBayDr3602Miami,3,3.0,1308,Rental
1253,2800000,9555Sw93rdStreetMiami,5,4.0,4424,Residential
1254,173500,203Miami,2,2.0,917,Residential
1255,315000,6870Sw45thLn3Miami,2,3.0,1000,Residential
1256,619900,8635Sw20thTerMiami,5,3.0,2031,Residential
1257,235000,2412Nw87thStMiami,2,1.0,832,Residential
1258,430000,12630Sw186thStMiami,4,2.0,1923,Residential
1259,350000,13701Nw1stAveMiami,3,2.0,1843,Residential
1260,5900,4770BiscayneBlvd900Miami,0,0.0,0,Commercial
1261,200000,8650Sw109thAvenue#3-209Miami,2,3.0,1140,Residential
1262,12500,3131Ne7thAve1901Miami,3,4.0,1634,Rental
1263,325000,5229Nw5thAvenueMiami,2,4.0,1596,Residential
1264,624900,7223Sw127thPlMiami,3,3.0,1894,Residential
1265,5500000,N/AMiami,0,0.0,15788,Commercial
1266,107900,445Ne195thSt124Miami,2,2.0,1002,Residential
1267,190000,20760Ne4thCt202Miami,2,2.0,1065,Residential
1268,1475,492Nw165thStreetRdC614Miami,1,1.0,826,Rental
1269,2500,1351NeMiamiGardensDrive#ph6Miami,2,2.0,1200,Rental
1270,315000,1500Ne150thStreetMiami,3,1.0,1146,Residential
1271,425000,4050Sw110thCourtMiami,3,1.0,828,Residential
1272,349000,1477Nw101stStMiami,3,2.0,1213,Residential
1273,275000,9001Sw77thAvenue#c202Miami,3,2.0,1205,Residential
1274,499900,55Sw9thStreet2904Miami,2,2.0,851,Residential
1275,530000,551Sw88thPlaceWMiami,4,3.0,1881,Residential
1276,5950,950BrickellBayDr5011Miami,2,3.0,1278,Rental
1277,379900,2184Nw86TerraceMiami,3,2.0,1314,Residential
1278,3150,1100SMiamiAve3002Miami,1,1.0,877,Rental
1279,285000,8810Sw123rdCourt#m208Miami,2,2.0,1340,Residential
1280,1300000,900BrickellKey2902MIAMI,2,3.0,1572,Residential
1281,425000,16575NMiamiAveMiami,0,0.0,13500,Commercial
1282,439000,55Sw9thStreet3402MIAMI,1,1.0,609,Residential
1283,469000,1010Sw2ndAve1001Miami,2,2.0,933,Residential
1284,325000,1010Sw2ndAve1805Miami,1,1.0,766,Residential
1285,250000,1251Ne108thSt825Miami,3,2.0,1190,Residential
1286,3600,14125Sw167thTerMiami,4,2.0,2032,Rental
1287,590000,495BrickellAve4009Miami,1,1.0,1035,Residential
1288,599999,800ClaughtonIslandDr705Miami,2,2.0,1000,Residential
1289,225000,3052Sw27thAve104Miami,1,2.0,655,Residential
1290,169900,1945Nw29thStA4Miami,2,1.0,0,Residential
1291,414900,90Nw144thStMiami,3,2.0,1770,Residential
1292,425000,19135Nw11thCtMiami,4,2.0,2475,Residential
1293,1900,20330Ne3rdCtMiami,2,2.0,978,Rental
1294,9000,1425BrickellAve58aMiami,2,2.0,1570,Rental
1295,4995,186Se12thTerrace#2304Miami,2,2.0,1191,Rental
1296,189900,450Ne210thCircleTer102-6cMiami,2,2.0,1060,Residential
1297,449000,14612Sw143rdCourtMiami,3,2.0,1576,Residential
1298,320000,760Nw116thTerMiami,3,3.0,1200,Residential
1299,229900,2113Nw76thStMiami,2,1.0,947,Residential
1300,590000,14125Sw167thTerMiami,5,3.0,2500,Residential
1301,165000,1170Ne191stStreet#47Miami,1,2.0,870,Residential
1302,299900,135Nw68thStreetMiami,2,1.0,1023,Residential
1303,6900,495BrickellAve2611Miami,2,2.0,1255,Rental
1304,5300,501Ne31stSt3806Miami,3,2.0,1152,Rental
1305,4500,1200BrickellBayDr4118Miami,1,1.0,825,Rental
1306,7000,200BiscayneBoulevardWay3801Miami,2,3.0,1539,Rental
1307,1148900,10780Sw139thRoadMiami,5,4.0,3701,Residential
1308,135900,1460Ne169thStreet#110Miami,1,2.0,746,Residential
1309,599000,3470ECoastAveH1013Miami,2,3.0,1090,Residential
1310,1250,15600Nw7thAve816Miami,1,1.0,840,Rental
1311,3900,796Ne191stTerMiami,4,2.0,2156,Rental
1312,3900,1300SMiamiAve3208Miami,1,2.0,933,Rental
1313,320000,2201BrickellAve83Miami,2,2.0,966,Residential
1314,590000,3301Ne1stAveH1204Miami,2,2.0,1142,Residential
1315,1095000,470Sw25thRdMiami,3,2.0,1983,Residential
1316,270000,1853Nw49thStMiami,3,1.0,1047,Residential
1317,470000,N/AMiami,0,0.0,2131,Residential
1318,769000,1010Sw2ndAvePh02Miami,3,4.0,1655,Residential
1319,4250,495BrickellAve2306Miami,1,1.0,732,Rental
1320,3000,350SMiamiAvenue#3711Miami,1,1.0,704,Rental
1321,495000,2031Nw27thStMiami,5,3.0,2171,Residential
1322,445000,20101Sw115AveMiami,3,2.0,0,Residential
1323,575000,903Miami,2,3.0,1298,Residential
1324,160000,20840SanSimeonWay308Miami,1,2.0,1100,Residential
1325,2150,165Nw39thStreet#2Miami,1,1.0,700,Rental
1326,5400,1300SMiamiAve3201Miami,2,2.0,1279,Rental
1327,2650,N/AMiami,4,2.0,1400,Rental
1328,265000,760Nw106thAve2b4-2Miami,3,2.0,1225,Residential
1329,259900,185Se14thTer2602Miami,1,1.0,650,Residential
1330,340000,11229Sw132ndCt11229Miami,2,3.0,1411,Residential
1331,4500,651Ne75thStMiami,4,2.0,1644,Rental
1332,3200,20761Ne2ndCtMiami,3,3.0,1478,Rental
1333,298000,300SBiscayneBoulevard#t-2109Miami,1,1.0,539,Residential
1334,749900,3018Sw25thTerraceMiami,5,3.0,2371,Residential
1335,1750,9731FontainebleauBlvdF210Miami,2,1.0,933,Rental
1336,299000,3085Nw83rdStMiami,3,2.0,0,Residential
1337,1950000,14100Ne1stAveMiami,4,2.0,2409,Residential
1338,259000,133Ne2ndAve3405Miami,1,1.0,651,Residential
1339,485000,20677Ne2ndCt20677Miami,4,3.0,1920,Residential
1340,437000,8351Sw124Avenue103MIAMI,4,3.0,1743,Residential
1341,999,N/AMiami,0,1.0,1507,Rental
1342,720000,1751Sw14thStreetMiami,3,2.0,3011,Residential
1343,125000,1481NeMiamiGardensDr267Miami,2,1.0,975,Residential
1344,215000,1750Ne191stSt301Miami,2,2.0,1633,Residential
1345,180000,8365Sw152ndAveC-201Miami,2,1.0,828,Residential
1346,459000,9760Sw44thStreetMiami,3,2.0,1142,Residential
1347,300000,10702Nw18thAveMiami,3,2.0,1213,Residential
1348,1800,120Ne70thStMiami,2,2.0,864,Rental
1349,339000,7112Sw113thAveMiami,3,2.0,1378,Residential
1350,279000,10284Nw9St104Miami,3,2.0,1005,Residential
1351,345000,540BrickellKeyDr1004Miami,1,2.0,790,Residential
1352,319000,244BiscayneBlvd3905Miami,0,1.0,632,Residential
1353,825000,9180-9182Sw95thAvenueMiami,6,6.0,3722,Residential
1354,279900,8433Sw137thAve8433Miami,2,3.0,1266,Residential
1355,2000,531Nw82ndAve602Miami,2,3.0,1160,Rental
1356,380000,1068Nw25thStMiami,4,3.0,1521,Residential
1357,620000,1872Nw1stStMiami,0,0.0,2050,Residential
1358,3600,92Sw3rdStreet#2406Miami,2,2.0,930,Rental
1359,1700000,5225Ne5thAvenueMIAMI,3,3.0,2219,Residential
1360,385000,170Se14thStreet1701MIAMI,2,2.0,1090,Residential
1361,174900,251Nw75thStreetMIAMI,2,1.0,792,Residential
1362,620000,22840Sw167thAvenueMIAMI,4,2.0,1652,Residential
1363,595000,14981Sw168thTerMiami,3,2.0,1658,Residential
1364,49900,LandUnincorporatedCountyMiami,0,0.0,0,Land
1365,1485000,20165Ne39thPl704Miami,4,4.0,3470,Residential
1366,534900,45Nw116thStMiami,4,2.0,1783,Residential
1367,3600,770ClaugthonIslandRd1514Miami,2,2.0,0,Rental
1368,349000,11131Sw3rdStMiami,3,1.0,1052,Residential
1369,530000,9302Sw171stAveMiami,5,4.0,2312,Residential
1370,2495,19800CypressCt19800Miami,4,3.0,1945,Rental
1371,1600,20730Ne4thPl104Miami,2,2.0,829,Rental
1372,1800,20025Ne3rdCt7Miami,2,2.0,978,Rental
1373,3100,7350Sw89thSt1001sMiami,3,2.0,1428,Rental
1374,2600,1750NBayshoreDr4810Miami,1,1.0,821,Rental
1375,259900,3245Nw87thTerMiami,3,1.0,925,Residential
1376,420000,12823Sw71stLnMiami,2,3.0,1914,Residential
1377,259900,8539Sw109thAve8539Miami,2,3.0,987,Residential
1378,699000,475BrickellAv2115Miami,2,2.0,1168,Residential
1379,2000,8650Sw109thAve3-116Miami,3,2.0,1442,Rental
1380,359900,17530Sw153rdCt17530Miami,4,4.0,1710,Residential
1381,425000,8650Sw2ndStMiami,0,0.0,0,Land
1382,313000,1245Nw38thStMiami,3,1.0,1222,Residential
1383,235000,1000QuaysideTer504Miami,2,2.0,1312,Residential
1384,370000,485BrickellAve1905Miami,1,1.0,495,Residential
1385,525000,55Se6St1901Miami,2,2.0,1123,Residential
1386,99900,1301NeMiamiGardensDr812wMiami,1,2.0,861,Residential
1387,6500,200BiscayneBoulevardWay4809Miami,2,3.0,1237,Rental
1388,450000,602Nw98thStMiami,0,0.0,1008,Residential
1389,1950,933Ne199St206Miami,2,2.0,1008,Rental
1390,499900,601Sw39thAveMiami,3,2.0,2364,Residential
1391,745000,1451BrickellAve1806Miami,1,2.0,794,Residential
1392,2100,759Nw70thStMiami,4,2.0,0,Rental
1393,2100,3060Nw93rdStMiami,3,2.0,1854,Rental
1394,525000,9710Sw77thStMiami,3,2.0,1276,Residential
1395,919900,3112OhioStMiami,3,3.0,2400,Residential
1396,495000,6431Sw112thPlMiami,4,2.0,1598,Residential
1397,389900,1745Nw51stStreetMiami,3,2.0,1375,Residential
1398,329900,1846Nw71stStreetMiami,3,1.0,780,Residential
1399,650500,16626Sw61stLaneMiami,3,3.0,2208,Residential
1400,568999,290SBiscayneRiverDriveMiami,3,2.0,989,Residential
1401,2100,10440Sw156Court#713Miami,2,2.0,1053,Rental
1402,5400,1300SMiamiAvenue#2401Miami,2,2.0,1279,Rental
1403,349000,1144Nw31stStMiami,3,2.0,1622,Residential
1404,3200,415Nw19thLnMiami,4,3.0,1347,Rental
1405,1500,5400Sw4thStMiami,1,1.0,0,Rental
1406,349900,14715Sw104thPlMiami,3,1.0,1238,Residential
1407,1850000,4044ParkAveMiami,4,3.0,2345,Residential
1408,1200000,2020NBayshoreDrive#2401Miami,2,3.0,1588,Residential
1409,450000,3700Nw23rdCourt#3700-3702Miami,3,4.0,1464,Residential
1410,654900,13361Sw41stLaneMiami,5,4.0,3100,Residential
1411,480000,3008Nw22ndCourtMiami,5,3.0,5400,Residential
1412,499000,940Nw32ndCourtMiami,5,4.0,2854,Residential
1413,2248000,851Ne1stAvenue#812Miami,3,4.0,2321,Residential
1414,300000,275Nw75thStreetMiami,0,2.0,1550,Residential
1415,495000,1757Sw3StreetMiami,4,2.0,5000,Residential
1416,1000,1200Ne110thStMiami,0,1.0,300,Rental
1417,200000,2903Ne163rdSt409MIAMI,2,2.0,1086,Residential
1418,249000,1435Nw58thTerraceMIAMI,3,1.0,792,Residential
1419,510000,N/AMIAMI,1,2.0,919,Residential
1420,590000,14825Sw111TerraceMIAMI,3,3.0,2147,Residential
1421,205000,21300SanSimeonWayR3MIAMI,3,2.0,1220,Residential
1422,650000,14630Sw148StreetCircleMIAMI,4,3.0,2239,Residential
1423,119900,1945Nw29thStA4Miami,2,1.0,677,Residential
1424,119900,1945Nw29thStA1Miami,2,1.0,0,Residential
1425,389900,1745Nw51stStreetMiami,3,2.0,1375,Residential
1426,750000,5130Sw99thAvenueMIAMI,3,2.0,2050,Residential
1427,6240,9950Sw107thAvenue203MIAMI,0,0.0,0,CommercialLease
1428,680000,1087Sw150PlaceMIAMI,4,4.0,2968,Residential
1429,2488000,9601KromeAvenueMIAMI,0,0.0,0,Land
1430,650000,14970Sw180StreetMIAMI,5,3.0,2431,Residential
1431,350000,6519Sw133rdPlaceMIAMI,3,2.0,1618,Residential
1432,136000,445Ne56thStreetMIAMI,0,0.0,0,CommercialLease
1433,398000,1500Ne148thStreetMiami,3,2.0,1890,Residential
1434,899990,20921Ne24thAveMiami,3,2.0,2638,Residential
1435,3500,1800NBayshoreDr307Miami,0,1.0,1389,Rental
1436,3290,90Sw3rdSt4208Miami,2,2.0,1079,Rental
1437,739000,751Ne70thStMiami,6,3.0,3166,Residential
1438,1750,1600Nw93rdStMiami,2,1.0,1621,Rental
1439,165000,546Sw1stSt403Miami,2,1.0,791,Residential
1440,4200,2071Sw57thCtMiami,4,3.0,2056,Rental
1441,210000,10421NKendallDrC104Miami,2,2.0,1010,Residential
1442,299900,1861Nw47thStMiami,3,1.0,1175,Residential
1443,259000,3500CoralWayPh-1500Miami,1,1.0,626,Residential
1444,4000,495BrickellAve2308Miami,1,1.0,732,Rental
1445,8000,1155BelleMeadeIslandDrMiami,3,4.0,3397,Rental
1446,650000,92Sw3rdSt4310Miami,2,3.0,1389,Residential
1447,8500,5040Ne2ndAveMiami,0,0.0,4200,Commercial
1448,599000,3301Ne1stAveL04ph5Miami,1,2.0,1291,Residential
1449,450000,111Nw46StMiami,3,1.0,1599,Residential
1450,2950,1100SMiamiAve2202Miami,1,1.0,877,Rental
1451,2950,92Sw3rdSt1106Miami,2,2.0,930,Rental
1452,628000,16624Sw43rdLnMiami,5,3.0,2565,Residential
1453,410000,15Ne209thTerMiami,4,2.0,2106,Residential
1454,420000,3901Nw1stStMiami,2,1.0,817,Residential
1455,339900,4701Nw12thAveMiami,2,1.0,1224,Residential
1456,539000,14803Sw155thPlMiami,4,3.0,2082,Residential
1457,534900,1070Nw25thAveMiami,0,0.0,1476,Residential
1458,625000,1300SMiamiAve4306Miami,3,3.0,1154,Residential
1459,875000,4110BonitaAveMiami,0,0.0,0,Land
1460,855990,6812Sw80thStreetMiami,4,4.0,2465,Residential
1461,275000,10012Nw7thSt218Miami,2,3.0,1205,Residential
1462,2950000,3031Nw78thStMiami,0,0.0,12100,Commercial
1463,875990,6880Sw80thStreetMiami,4,4.0,2465,Residential
1464,460000,6014Sw129thAveMiami,3,2.0,1552,Residential
1465,299900,2651Nw87thStMiami,2,1.0,1024,Residential
1466,3300,1600Ne1stAve3704Miami,0,1.0,582,Rental
1467,319000,3232Nw102ndStMiami,3,1.0,1600,Residential
1468,207000,820Sw105thAve604Miami,2,3.0,1045,Residential
1469,540000,13843Sw15thStMiami,4,2.0,2021,Residential
1470,349000,31Se5St3005Miami,1,1.0,757,Residential
1471,420000,8153Nw14thAveMiami,4,2.0,1871,Residential
1472,50000,14401BookerTWashingtonBlvdMiami,0,0.0,0,Residential
1473,425000,1873Nw88thStMiami,0,0.0,2230,Residential
1474,439000,1829Nw5thStMiami,6,4.0,2184,Residential
1475,279000,7275Sw90WayG607Miami,1,2.0,1120,Residential
1476,1699000,2007Nw7thAveMiami,0,0.0,4954,Commercial
1477,40,111Ne1stStMiami,0,0.0,0,Commercial
1478,525000,3250Nw17thStMiami,4,3.0,1929,Residential
1479,835990,6872Sw80thStreetMiami,4,4.0,2465,Residential
1480,375000,4708Sw67thAveL-16Miami,3,3.0,1234,Residential
1481,1475,7850CaminoReal201Miami,2,1.0,804,Rental
1482,535000,15430Sw176thLnMiami,4,3.0,2265,Residential
1483,349900,760Nw138thStMiami,2,1.0,994,Residential
1484,475000,4489Sw164thPathMiami,3,2.0,1598,Residential
1485,719000,2266Sw21stStMiami,3,1.0,1405,Residential
1486,449900,2940Nw98thStMiami,5,3.0,1972,Residential
1487,690000,10305Sw128thCtMiami,3,3.0,1947,Residential
1488,1700,19121Ne25thAveD/4Miami,1,1.0,800,Rental
1489,2000,71Nw184thTerMiami,3,2.0,1423,Rental
1490,387000,2275BiscayneBl905Miami,2,2.0,1280,Residential
1491,3200,N/AMiami,3,2.0,2206,Rental
1492,630000,17621Sw152ndAveMiami,4,4.0,0,Residential
1493,174900,469Ne207thLn205Miami,2,2.0,917,Residential
1494,349900,2425Nw43rdStMiami,3,2.0,1129,Residential
1495,564000,800Ne193TeMiami,3,3.0,1965,Residential
1496,1750,1601Ne191stSt401Miami,2,2.0,1156,Rental
1497,216000,11715Sw18thSt508Miami,3,2.0,1134,Residential
1498,2800,2527Ne191stStMiami,3,2.0,0,Rental
1499,525000,15749Sw101StMiami,3,3.0,2455,Residential
1500,6495,1581BrickellAve2103Miami,2,3.0,2005,Rental
1501,439000,12230Nw22ndCtMiami,3,2.0,1650,Residential
1502,997000,1370Nw16thStMiami,0,0.0,7503,Commercial
1503,179000,4845Nw7thSt107-5Miami,2,2.0,782,Residential
1504,4700,60Sw13thSt3201Miami,2,3.0,1460,Rental
1505,170000,8421Nw8thSt208Miami,1,1.0,777,Residential
1506,274900,6517Sw116thPlF8Miami,2,2.0,1550,Residential
1507,900000,3060Nw79thStMiami,0,0.0,11600,Commercial
1508,620000,4250BiscayneBlvd1418Miami,2,2.0,951,Residential
1509,1650,10661Sw108thAve4cMiami,2,2.0,911,Rental
1510,2500,1300SMiamiAve1907Miami,1,1.0,570,Rental
1511,1199000,675Nw34thStMiami,0,0.0,1940,Residential
1512,227500,133Ne2ndAve510Miami,1,1.0,620,Residential
1513,215000,151Se1stSt808Miami,1,1.0,564,Residential
1514,4400,999Sw1stAveMiami,2,2.0,1373,Rental
1515,2500,20921Ne13thPlMiami,3,3.0,1459,Rental
1516,8000,2730Sw3rdAve800Miami,0,0.0,16794,Commercial
1517,194000,880Ne207thTer206Miami,3,2.0,1125,Residential
1518,2500000,3031Nw78thStMiami,0,0.0,12100,Commercial
1519,485000,11709Sw144thAveMiami,3,3.0,2214,Residential
1520,575000,250Nw40thAveMiami,4,2.0,1285,Residential
1521,160000,1700Ne191stSt305Miami,2,2.0,1036,Residential
1522,315000,15242Sw112thCtMiami,3,2.0,1351,Residential
1523,699000,2350Ne194thStMiami,4,3.0,2108,Residential
1524,3700,480Ne30thSt2103Miami,2,2.0,1007,Rental
1525,279900,2015Nw81stTerMiami,2,2.0,1337,Residential
1526,350000,3076Nw95thTerMiami,4,2.0,1502,Residential
1527,299990,2421Nw43rdStMiami,3,1.0,1025,Residential
1528,4763,3000Ne2ndAvePh1532Miami,1,1.0,799,Rental
1529,1450,10905Sw88thSt410Miami,1,2.0,930,Rental
1530,225000,1900NBayshoreDr3205Miami,0,1.0,594,Residential
1531,500000,112Nw53rdStMiami,3,2.0,2262,Residential
1532,750000,1395BrickellAve3308Miami,2,3.0,1366,Residential
1533,350000,N/AMiami,3,2.0,1340,Residential
1534,272000,7275Sw90WayG503Miami,1,2.0,1091,Residential
1535,594990,15604Sw24thTerMiami,3,2.0,1618,Residential
1536,1500,1610NwNorthRiverDr109Miami,1,1.0,460,Rental
1537,299000,6475Sw152ndCirclePl21-75Miami,2,2.0,1010,Residential
1538,499900,780Ne69thSt1801Miami,2,2.0,1316,Residential
1539,2200,117Nw42ndAve814Miami,2,2.0,965,Rental
1540,595000,5125Sw133CourtDrMiami,4,2.0,2109,Residential
1541,599000,8625Ne10AveMiami,0,0.0,0,Land
1542,185000,5695WFlaglerStMiami,0,0.0,0,Business
1543,3900,801SMiamiAve1706Miami,1,2.0,1075,Rental
1544,2100,10956Sw122ndCtMiami,2,1.0,1015,Rental
1545,1250000,429Nw10thAveMiami,0,0.0,5000,Commercial
1546,920000,950BrickellBayDr5011Miami,2,3.0,1347,Residential
1547,1800,4600Sw67thAve204Miami,2,2.0,988,Rental
1548,375000,10521Sw113thPlMiami,2,3.0,1380,Residential
1549,339000,7114Sw153rdCt7114Miami,3,2.0,1116,Residential
1550,460000,1215Sw36thAveMiami,2,1.0,1109,Residential
1551,420000,3964Nw4thStMiami,3,2.0,1576,Residential
1552,1399000,1331BrickellBayDr2909Miami,2,3.0,1730,Residential
1553,820,18801Ne2ndAve1014Miami,0,1.0,407,Rental
1554,320000,7355Sw89thSt723nMiami,2,2.0,1183,Residential
1555,350000,20103Ne2ndPl20103Miami,3,3.0,1792,Residential
1556,329000,950BrickellBayDr1602Miami,1,1.0,688,Residential
1557,299000,1750NBayshoreDrive3109Miami,1,1.0,825,Residential
1558,8000,1200BrickellBayDr2702Miami,3,2.0,1232,Rental
1559,189999,1160OpaLockaBlvdMiami,3,1.0,966,Residential
1560,194900,216Miami,2,2.0,1172,Residential
1561,255000,4600Sw67thAve202Miami,2,2.0,988,Residential
1562,3000,45Sw9thSt3509Miami,1,2.0,738,Rental
1563,7950,1627BrickellAve2307Miami,3,3.0,1792,Rental
1564,279990,1746Nw69thStMiami,3,1.0,950,Residential
1565,439000,475BrickellAve4411Miami,1,1.0,940,Residential
1566,240000,111EFlaglerSt405Miami,2,1.0,836,Residential
1567,2100,244BiscayneBlvd3707Miami,0,1.0,632,Rental
1568,2200,2960Nw61stStMiami,4,2.0,1056,Rental
1569,474999,7760Sw20thStMiami,4,2.0,1835,Residential
1570,4200,4115Sw13thTerMiami,3,2.0,1367,Rental
1571,305000,18600Nw8thRdMiami,2,1.0,1044,Residential
1572,4900000,361Nw67thStMiami,0,0.0,25243,Commercial
1573,2100,1648Sw7thSt3Miami,2,1.0,6014,Rental
1574,2100,1648Sw7thSt4Miami,2,1.0,6014,Rental
1575,55000,9674Nw10thAveF635Miami,0,0.0,1600,Residential
1576,392500,2001BiscayneBlvd2607Miami,2,2.0,1085,Residential
1577,1750,8065Sw107thAve108Miami,2,2.0,965,Rental
1578,1500000,20600Sw142ndAveMiami,0,0.0,0,Land
1579,175000,9737Sw138thAve1c1rMiami,2,2.0,1187,Residential
1580,345000,256Nw121stStMiami,2,2.0,1100,Residential
1581,2000,1648Sw7thSt2Miami,2,1.0,6014,Rental
1582,389900,7301Nw10thAveMiami,4,2.0,2000,Residential
1583,489000,17725Sw111thAveMiami,4,3.0,1962,Residential
1584,1950,1648Sw7thSt5Miami,2,1.0,6014,Rental
1585,355000,3470ECoast1802Miami,1,2.0,735,Residential
1586,2900,N/AMiami,1,2.0,938,Rental
1587,165000,1251Ne108thSt423Miami,2,2.0,1010,Residential
1588,380000,3260Sw149AvMiami,4,4.0,2709,Residential
1589,458000,16560Sw70thSt16560Miami,4,3.0,2500,Residential
1590,1900,1648Sw7thSt8Miami,2,1.0,6014,Rental
1591,4000,1600Ne1stAve1718Miami,1,1.0,754,Rental
1592,459900,2951Nw28thStMiami,3,3.0,1205,Residential
1593,130000,1770Ne191stSt113-1Miami,1,2.0,1036,Residential
1594,240000,18940Nw6thCtMiami,3,1.0,960,Residential
1595,495000,1055Ne203rdLnMiami,3,2.0,1719,Residential
1596,600000,8640Sw46thStMiami,3,2.0,1862,Residential
1597,330000,830Nw137thStMiami,3,2.0,1458,Residential
1598,1400,19121Ne25thAveCMiami,1,1.0,2811,Rental
1599,250000,1780Nw49thStMiami,2,2.0,1060,Residential
1600,295000,4718Nw31stCtMiami,3,1.0,800,Residential
1601,369000,2275BiscayneBlvd803Miami,2,2.0,1065,Residential
1602,649900,15891Sw141stTerMiami,4,4.0,2582,Residential
1603,77000,1355Ne167307Miami,1,1.0,0,Residential
1604,2500,2525Ne191stStMiami,3,2.0,0,Rental
1605,3600,2204Miami,2,2.0,1140,Rental
1606,259500,7330Nw3rdAveMiami,4,2.0,1190,Residential
1607,274999,11313Sw189thTerMiami,3,2.0,1140,Residential
1608,2500,520BrickellKeyDrA1902Miami,2,2.0,1229,Rental
1609,235000,18880Nw57Av208Miami,2,2.0,1106,Residential
1610,350000,551Ne159thStMiami,4,2.0,1364,Residential
1611,560000,350SMiamiAve4001Miami,3,2.0,1385,Residential
1612,169750,10854NKendallDr416Miami,1,2.0,895,Residential
1613,3450,244BiscayneBlvd3006Miami,1,1.0,806,Rental
1614,1150000,1451BrickellAvenue2301Miami,2,3.0,1287,Residential
1615,3050,1100SMiamiAve4209Miami,1,1.0,769,Rental
1616,675000,6351Sw6thStMiami,3,3.0,2154,Residential
1617,1600,2580Ne191stStRearMiami,2,1.0,0,Rental
1618,555500,636Ne68thSt-MimoMiami,3,1.0,1371,Residential
1619,2500,N/AMiami,4,2.0,1370,Rental
1620,1480,450Sw3rdSt7Miami,1,2.0,600,Rental
1621,50000,14661BethuneDrMiami,0,0.0,105000,Commercial
1622,415000,19768Sw124thAveMiami,3,2.0,1349,Residential
1623,3100,951BrickellAve2003Miami,1,1.0,702,Rental
1624,800990,6810Sw80thStreetMiami,3,4.0,2418,Residential
1625,399000,20730NwMiamiCtMiami,3,2.0,1982,Residential
1626,1200,15600Nw7thAve704Miami,1,1.0,840,Rental
1627,2850,7275Sw90StC514Miami,2,2.0,1156,Rental
1628,399000,1319Sw21stTer3Miami,2,2.0,842,Residential
1629,333900,2000NBayshoreDr304Miami,2,2.0,1092,Residential
1630,997000,1370Nw16thStMiami,0,0.0,7503,Commercial
1631,1550,1351NeMiamiGardensDr503eMiami,1,2.0,861,Rental
1632,329000,13724Sw149thCircleLn3Miami,2,3.0,1141,Residential
1633,2600,18020Sw139thPlMiami,3,2.0,1331,Rental
1634,260000,1717Nw114thStMiami,3,1.0,1012,Residential
1635,18800,3741KumquatAveMiami,5,5.0,4374,Rental
1636,393000,290Ne159thStMiami,3,2.0,2253,Residential
1637,175000,10440Sw156thCt711Miami,2,2.0,979,Residential
1638,1600,214Miami,2,2.0,1000,Rental
1639,1800,305Nw18thAveMiami,1,1.0,1892,Rental
1640,399000,1291Ne146thStreetMiami,0,0.0,1128,Residential
1641,87500,6351Nw20thAveMiami,0,0.0,0,Land
1642,1288224,3240ThomasAveMiami,4,2.0,1636,Residential
1643,11900,3379WilliamAveMiami,4,4.0,3329,Rental
1644,259000,7350Sw89St1208sMiami,1,1.0,828,Residential
1645,290000,2251Nw89thStMiami,2,1.0,1000,Residential
1646,815000,460Ne28thSt1708Miami,3,3.0,1395,Residential
1647,1295000,2801Sw22ndAveMiami,0,0.0,0,Land
1648,550000,1203Miami,3,2.0,1320,Residential
1649,340000,14382Sw97thLn14382Miami,3,3.0,1592,Residential
1650,1250,14819Sw167thStMiami,1,1.0,1860,Rental
1651,3200,121Ne34St1805Miami,1,2.0,725,Rental
1652,1750,447Ne195thSt221Miami,2,2.0,0,Rental
1653,185000,13909Sw93rdLn13909Miami,1,1.0,862,Residential
1654,500000,3051Nw78thStMiami,0,0.0,0,Land
1655,415000,600Ne36thSt1522Miami,1,2.0,1096,Residential
1656,429000,2810Nw6thStMiami,2,2.0,0,Residential
1657,305000,51Ne195thStMiami,2,2.0,1834,Residential
1658,290000,1400Nw174thStMiami,3,2.0,1934,Residential
1659,225000,7280Sw90thStE408Miami,1,1.0,852,Residential
1660,350000,115Sw11thSt502Miami,2,2.0,764,Residential
1661,2300,5252Nw85thAve1208Miami,1,1.0,777,Rental
1662,239990,185Se14thTer1101Miami,1,1.0,640,Residential
1663,1650,3232Sw22St1104Miami,2,2.0,1200,Rental
1664,380000,N/AMiami,4,2.0,1455,Residential
1665,2700,31Se5St3207Miami,1,1.0,757,Rental
1666,1100000,2812Sw38thCtMiami,6,4.0,2790,Residential
1667,1950,2911Nw52ndStMiami,3,1.0,928,Rental
1668,450000,726Nw24thStMiami,4,2.0,1317,Residential
1669,595000,1501Sw21stStMiami,2,1.0,1095,Residential
1670,180000,915Ne199thSt107Miami,2,2.0,907,Residential
1671,379900,3801Nw23rdAveMiami,0,0.0,1278,Residential
1672,4200,950BrickellBayDr2611Miami,2,3.0,1278,Rental
1673,1950,1535Sw2ndAve3Miami,1,1.0,2745,Rental
1674,4500,1200BrickellBayDr1601Miami,2,2.0,1105,Rental
1675,208000,3301NCountryClubDr312Miami,2,2.0,994,Residential
1676,4000,2358Sw16thAveMiami,3,2.0,1400,Rental
1677,1675,816Nw11thSt510Miami,1,1.0,605,Rental
1678,1750,3232Sw22St1503Miami,2,2.0,1180,Rental
1679,169900,9320FontainebleauBlvd409Miami,1,1.0,690,Residential
1680,3800,2900Ne7thAve2908Miami,1,2.0,790,Rental
1681,500000,8430Sw32TerraceMiami,3,2.0,1277,Residential
1682,1650000,7240Sw60thStMiami,4,5.0,3357,Residential
1683,3400,1300BrickellBayDr801Miami,1,1.0,777,Rental
1684,8000,1200BrickellBayDr3402Miami,3,2.0,1232,Rental
1685,460000,230Ne208thTer230Miami,4,3.0,1920,Residential
1686,1400,1301NeMiamiGardensDr723wMiami,1,2.0,861,Rental
1687,6000,10890Sw83rdAve10890Miami,4,2.0,2692,Rental
1688,3500,3070LimeCtMiami,2,1.0,1128,Rental
1689,3450,1450BrickellBayDr405Miami,2,2.0,1030,Rental
1690,475000,20560Sw113thRdMiami,4,3.0,2294,Residential
1691,355000,4821Sw144thCtMiami,3,2.0,1264,Residential
1692,5000,520BrickellKeyDrA1200Miami,2,2.0,1278,Rental
1693,180000,8401Sw107thAve153eMiami,1,2.0,1067,Residential
1694,1800,389Nw95thStMiami,3,1.0,1008,Rental
1695,348999,8511Nw15thAveMiami,3,2.0,1344,Residential
1696,2750,1915BrickellAv1104cMiami,3,3.0,1746,Rental
1697,425000,350SMiamiAve4103Miami,2,2.0,1075,Residential
1698,320000,1200BrickellBayDr3906Miami,1,1.0,825,Residential
1699,289999,1750NBayshoreDr1511Miami,1,1.0,791,Residential
1700,3000,1749NeMiamiCtMiami,0,1.0,871,Rental
1701,595000,4777Sw4thStMiami,6,4.0,2500,Residential
1702,4700,4400Sw9thLnMiami,4,3.0,2210,Rental
1703,1450,19121Ne25thAveBMiami,1,1.0,2811,Rental
1704,1775,N/AMiami,1,2.0,1002,Rental
1705,799000,15131Sw145thStMiami,6,4.0,3738,Residential
1706,5042,3000Ne2ndAvePh883Miami,2,2.0,1139,Rental
1707,309995,501Ne31st304Miami,1,2.0,750,Residential
1708,1500,2550Sw27thAve503Miami,2,2.0,1120,Rental
1709,364500,125Ne191StMiami,3,2.0,1176,Residential
1710,239900,2371Nw85thStMiami,2,1.0,1173,Residential
1711,2750,20651Ne7PlMiami,3,3.0,1344,Rental
1712,2700,10SwSouthRiverDr604Miami,2,2.0,1000,Rental
1713,360000,13104Sw93rdPlMiami,2,2.0,974,Residential
1714,345000,528Nw102ndStMiami,3,2.0,1301,Residential
1715,319900,11514Sw109thRd37zMiami,3,2.0,1170,Residential
1716,1200,15201Ne6thAveC207Miami,1,2.0,740,Rental
1717,1900,1648Sw7thSt6Miami,2,1.0,6014,Rental
1718,647000,357Ne117thStMiami,3,2.0,1600,Residential
1719,2950,4242Nw2ndSt808Miami,3,2.0,1125,Rental
1720,750,2730Sw3rdAve202Miami,0,0.0,16794,Commercial
1721,3000,335SBiscayneBlvd2008Miami,2,2.0,1169,Rental
1722,875990,6890Sw80thStreetMiami,4,4.0,2465,Residential
1723,4500,460Ne28thSt2203Miami,2,2.0,1107,Rental
1724,3193,3000Ne2ndAvePh869Miami,1,1.0,680,Rental
1725,295000,11517Sw64thStFMiami,2,3.0,1430,Residential
1726,730000,8501Sw12thTerMiami,4,3.0,1935,Residential
1727,288500,253Ne23606Miami,1,1.0,806,Residential
1728,169000,478Ne210thCircleTer202Miami,2,2.0,1060,Residential
1729,1300000,4373Nw7thStMiami,0,0.0,11000,Commercial
1730,4400,60Sw13St4801Miami,2,3.0,1460,Rental
1731,335000,1646Nw115thStMiami,0,0.0,1438,Residential
1732,669900,5400Sw4thStMiami,4,3.0,2275,Residential
1733,324000,851Nw171stStMiami,3,2.0,1405,Residential
1734,264000,2221Nw65thStMiami,0,0.0,2120,Residential
1735,1850,5843Sw149AvenueMiami,4,3.0,1875,Rental
1736,9900,325SBiscayneBlvd3623Miami,4,5.0,3400,Rental
1737,2400,1100SMiamiAve1806Miami,0,1.0,530,Rental
1738,317000,7275Sw90thWayG312Miami,2,2.0,1241,Residential
1739,585000,2722Nw22ndCtMiami,0,0.0,2217,Residential
1740,807990,6868Sw80thStreetMiami,3,4.0,2418,Residential
1741,10000,1200BrickellBayDr3002Miami,3,2.0,1232,Rental
1742,289000,7275Sw90thWayG313Miami,2,2.0,1102,Residential
1743,2100,1178Nw124thAve2311Miami,3,3.0,1300,Rental
1744,3000,999Sw1stAve1410Miami,1,1.0,691,Rental
1745,274900,71Ne206thTerMiami,2,1.0,1125,Residential
1746,165000,14215MemorialHwy8gMiami,3,2.0,1182,Residential
1747,310000,13140Nw22ndAveMiami,3,2.0,1130,Residential
1748,3195000,1830Ne193rdStMiami,5,6.0,3619,Residential
1749,289000,2451BrickellAve4mMiami,2,1.0,1344,Residential
1750,487000,1050BrickellAve2820Miami,2,3.0,1268,Residential
1751,4400,999Sw1stAve3011Miami,2,2.0,1097,Rental
1752,575000,2011Sw127CourtMiami,3,2.0,0,Residential
1753,2000000,N/AMiami,4,2.0,1811,Residential
1754,670000,460Ne28thSt1101Miami,2,2.0,1311,Residential
1755,2595,253Ne2ndSt2601-sMiami,1,2.0,940,Rental
1756,575000,10620Sw95thStMiami,3,2.0,1820,Residential
1757,1700,2947Nw57thStMiami,3,2.0,759,Rental
1758,199999,2454Nw86thStMiami,2,1.0,896,Residential
1759,313000,7290Sw90thStF301Miami,2,2.0,1203,Residential
1760,240000,1920Nw47thStMiami,2,1.0,720,Residential
1761,370000,1271Sw124Ct2-aMiami,3,3.0,1840,Residential
1762,425000,10631Sw77thTer10631Miami,3,3.0,1924,Residential
1763,285000,7275Sw90WayG509Miami,2,2.0,1085,Residential
1764,215000,253Ne2ndSt213Miami,1,1.0,506,Residential
1765,250000,5099Nw7thSt305Miami,2,1.0,1056,Residential
1766,469999,2840Sw92ndPlMiami,3,2.0,1200,Residential
1767,559000,4613Sw140thPlMiami,3,2.0,1750,Residential
1768,2100,1648Sw7thSt1Miami,2,1.0,6014,Rental
1769,2800,475BrickellAve1408Miami,0,1.0,598,Rental
1770,1850,13245Sw111thTer30-2Miami,2,2.0,1230,Rental
1771,186000,4717Nw7thSt104Miami,2,2.0,793,Residential
1772,1350,751Ne83rdTer8Miami,1,1.0,650,Rental
1773,3400,1600Ne1stAve3304Miami,0,2.0,582,Rental
1774,2300000,6701-6781Nw27Ave.Miami,0,0.0,26466,Commercial
1775,1200,5420Nw7thCtMiami,1,1.0,1674,Rental
